매물ID,제조사,모델,세부트림,차량명,연식_원문,연식,주행거리_km,연료,변속기,배기량_cc,색상,지역,가격_만원,사고유무,침수유무,용도이력,소유자변경횟수,옵션원문,상세링크,raw_text
41054615,현대,YF 쏘나타,CVVL 럭셔리 연식,YF 쏘나타CVVL 럭셔리 연식,12/04식,2012,105294,가솔린,자동,,,서울,430,무사고,,,,"가죽시트,내비,선루프,스마트키,열선시트,통풍시트,후방카메라",https://fem.encar.com/cars/detail/41054615?advClickPosition=mweb_mopre_g1_t400&listAdvType=mpremium&type=detail&view_type=checked,"엔카 기본정보 옵션정보 차량상태 보증현황 판매자 정보 딜러 셀프등록 로그인/회원가입 채팅 전체메뉴 열기 엔카진단 등록번호 41054615조회수 1,016찜 26 신고하기 프린트 공유하기 찜하기 무사고/짧은주행거리/7일시승후구입여부결정가능 이전이미지 다음이미지 1 / 20 사진 모두보기 YF 쏘나타CVVL 럭셔리 연식 12/04식 연형정보 주행거리 105,294km 연료 가솔린 차량번호 274도8760 자세히 엔카가 아래 사항을 모두 진단 하였습니다 툴팁 엔카진단 프레임무사고 확인 옵션 정보더보기 주요옵션 옵션 설명 보기 선루프 없음 헤드램프 (HID) 없음 주차감지센서 있음 후방카메라 없음 자동에어컨 있음 스마트키 있음 내비게이션 없음 열선시트 있음 통풍시트 없음 가죽시트 있음 28개 옵션 모두보기 이 차를 추천하는 이유더보기 가족 간의 차량공유와 예고 없이 찾아보는 키 분실 시에도 즉각 대처가 가능한 여유분의 스마트키로 걱정 없는 운행 가능하며 전좌석 열선시트로 따뜻한 주행이 가능하네요 차량 상태 엔카진단 엔카가 무사고 진단을 했어요 프레임 진단 정상 외부패널 진단 정상 엔카진단 자세히 보기 성능점검을 등록한 차량이에요 제시번호 : 2025149947 교환 없음 판금 없음 부식 없음 성능기록부 자세히보기 차량이력 내차 피해 총 397,542원 (1회) 타차 가해 총 1,975,798원 (3회) 특이 사항 없음 차량이력 자세히 보기 보증 현황 제조사 보증제조사보증도움말 일반/차체 엔진/미션 엔카금융 1분만에 한도/금리 비교 다양한 금융사의 금리를 비교해보세요 방문없이 조회가 가능해요 신용점수에 영향이 없어요 금리 비교하기 판매자 정보 판매자정보사진 트루카채기은매매 판매자 정보 판매중28판매완료117 인천 서구 종사원증번호 IM23-00556상사/조합정보 구매 가이드 허위매물 대처 압류 및 저당 처리 성능 상태 점검기록부 차량 금액 외 별도 수수료 차량 이전등록 차량 체크사항 알림등록 비슷한 조건의 동일한 모델이 신규매물로 등록되면 알려드릴까요? 알림등록 430만원 총비용계산기 보험료 계산 대출상품 조회 리스상품 조회 보험이력 4건 성능점검내역 일반/엔카직영 신차대비 -% 신차가격표 판매자 문의하기 중고차시세 팔린매물 동급매물 엔카 중고차론 금융사 비교하고 제휴 추가할인 금리 4.9% 부터~ 닫기 허위매물 단속 및 매매관련 분쟁 처리 등을 위해 050안심번호로문의하면 전화번호와 통화내용이 엔카에 자동 저장됩니다.050도움말 엔카는 등록 시스템만을 제공하며, 판매자가 직접 등록한 차량의 모든 책임은 판매자에게 있습니다. 신고하기 회사소개인재채용클린엔카지점안내엔카직영성능점검장안내매매지원이용약관고객센터디스플레이광고개인정보처리방침금융소비자보호원격지원서비스 네이버 블로그 인스타그램 유튜브 페이스북 패밀리사이트 O2O를 잇는 신뢰와 기술로 차량을 사고 파는 모습의 진화를 만듭니다 고객센터 : 1599-5455FAX : 02-754-8768대표메일 : trust@encar.com주소 : 서울특별시 중구 통일로2길 16, 18~19층(순화동) 사업자 등록번호 : 104-86-54476통신판매업신고 : 제2014-서울중구-0393호대표자 : 김상범Copyright © 엔카닷컴(주) 내 차를 최고가에 팔고, 믿고 사는 가장 좋은 방법. 엔카닷컴(주) 엔카닷컴(주)는 통신판매중개자로서 통신판매의 당사자가 아니며, 상품·거래정보, 거래에 대하여 책임을 지지 않습니다."
39486507,현대,YF 쏘나타,LPI 탑 연식,YF 쏘나타LPI 탑 연식,10/11식,2010,158915,LPG(일반인 구입),자동,,,서울,250,사고/수리이력 의심,,,,"가죽시트,내비,선루프,스마트키,열선시트,통풍시트,후방카메라",https://fem.encar.com/cars/detail/39486507?advClickPosition=mweb_mopre_g2_t400&listAdvType=mpremium&type=detail&view_type=normal,"엔카 기본정보 옵션정보 차량상태 보증현황 판매자 정보 딜러 셀프등록 로그인/회원가입 채팅 전체메뉴 열기 등록번호 39486507조회수 2,398찜 57 신고하기 프린트 공유하기 찜하기 #양호#HOT#COOL 엔카에서 직접 촬영한 100% 실매물입니다 이전이미지 다음이미지 1 / 20 사진 모두보기 YF 쏘나타LPI 탑 연식 10/11식 (11년형) 연형정보 주행거리 158,915km 연료 LPG(일반인 구입) 차량번호 41고8315 자세히 옵션 정보더보기 주요옵션 옵션 설명 보기 선루프 있음 헤드램프 (HID) 없음 주차감지센서 있음 후방카메라 있음 자동에어컨 있음 스마트키 있음 내비게이션 있음 열선시트 있음 통풍시트 없음 가죽시트 있음 26개 옵션 모두보기 차량 상태 성능점검을 등록한 차량이에요 제시번호 : 6780652624 본 차량의 성능 점검 기록부는 판매자가 사진으로 등록했습니다. 성능기록부 자세히보기 보증 현황 제조사 보증제조사보증도움말 일반/차체 엔진/미션 엔카금융 1분만에 한도/금리 비교 다양한 금융사의 금리를 비교해보세요 방문없이 조회가 가능해요 신용점수에 영향이 없어요 금리 비교하기 판매자 정보 판매자정보사진 유레카천경민매매 판매자 정보 판매중22판매완료52 경기 부천시 오정구 종사원증번호 GG24-01615상사/조합정보 구매 가이드 허위매물 대처 압류 및 저당 처리 성능 상태 점검기록부 차량 금액 외 별도 수수료 차량 이전등록 차량 체크사항 알림등록 비슷한 조건의 동일한 모델이 신규매물로 등록되면 알려드릴까요? 알림등록 250만원 총비용계산기 보험료 계산 대출상품 조회 리스상품 조회 보험이력 비공개 성능점검내역 일반/엔카직영 신차가격표 판매자 문의하기 중고차시세 팔린매물 동급매물 엔카 중고차론 금융사 비교하고 제휴 추가할인 금리 4.9% 부터~ 닫기 허위매물 단속 및 매매관련 분쟁 처리 등을 위해 050안심번호로문의하면 전화번호와 통화내용이 엔카에 자동 저장됩니다.050도움말 엔카는 등록 시스템만을 제공하며, 판매자가 직접 등록한 차량의 모든 책임은 판매자에게 있습니다. 신고하기 회사소개인재채용클린엔카지점안내엔카직영성능점검장안내매매지원이용약관고객센터디스플레이광고개인정보처리방침금융소비자보호원격지원서비스 네이버 블로그 인스타그램 유튜브 페이스북 패밀리사이트 O2O를 잇는 신뢰와 기술로 차량을 사고 파는 모습의 진화를 만듭니다 고객센터 : 1599-5455FAX : 02-754-8768대표메일 : trust@encar.com주소 : 서울특별시 중구 통일로2길 16, 18~19층(순화동) 사업자 등록번호 : 104-86-54476통신판매업신고 : 제2014-서울중구-0393호대표자 : 김상범Copyright © 엔카닷컴(주) 내 차를 최고가에 팔고, 믿고 사는 가장 좋은 방법. 엔카닷컴(주) 엔카닷컴(주)는 통신판매중개자로서 통신판매의 당사자가 아니며, 상품·거래정보, 거래에 대하여 책임을 지지 않습니다."
40903390,현대,YF 쏘나타,LPI 프리미어(장애인용) 연식,YF 쏘나타LPI 프리미어(장애인용) 연식,10/01식,2010,180575,LPG(일반인 구입),자동,,,서울,330,무사고,,,,"가죽시트,내비,선루프,스마트키,열선시트,통풍시트,후방카메라",https://fem.encar.com/cars/detail/40903390?advClickPosition=mweb_mopre_g3_t400&listAdvType=mpremium&type=detail&view_type=checked,"엔카 기본정보 옵션정보 차량상태 보증현황 판매자 정보 딜러 셀프등록 로그인/회원가입 채팅 전체메뉴 열기 엔카진단 등록번호 40903390조회수 109찜 1 신고하기 프린트 공유하기 찜하기 엔카 실촬영 이전이미지 다음이미지 1 / 20 사진 모두보기 YF 쏘나타LPI 프리미어(장애인용) 연식 10/01식 연형정보 주행거리 180,575km 연료 LPG(일반인 구입) 차량번호 12러9727 자세히 엔카가 아래 사항을 모두 진단 하였습니다 툴팁 엔카진단 프레임무사고 확인 옵션 정보더보기 주요옵션 옵션 설명 보기 선루프 있음 헤드램프 (HID) 없음 주차감지센서 있음 후방카메라 있음 자동에어컨 있음 스마트키 있음 내비게이션 없음 열선시트 있음 통풍시트 없음 가죽시트 있음 23개 옵션 모두보기 이 차를 추천하는 이유더보기 안드로이드 모니터가 장착되어있는 차량입니다! 데이터만 연결하면 유튜브와 다양한 컨텐츠도 사용 가능하여 편의성이 높아요! 차량 상태 엔카진단 엔카가 무사고 진단을 했어요 프레임 진단 정상 외부패널 진단 정상 엔카진단 자세히 보기 성능점검을 등록한 차량이에요 제시번호 : 20253210 교환 없음 판금 없음 부식 없음 성능기록부 자세히보기 차량이력 내차 피해 총 4,469,428원 (4회) 타차 가해 총 0원 (1회) 특이 사항 없음 차량이력 자세히 보기 보증 현황 제조사 보증제조사보증도움말 일반/차체 엔진/미션 엔카금융 1분만에 한도/금리 비교 다양한 금융사의 금리를 비교해보세요 방문없이 조회가 가능해요 신용점수에 영향이 없어요 금리 비교하기 판매자 정보 판매자정보사진 (주)올댓자차김정태매매 판매자 정보 판매중40판매완료107 경기 김포시 아라육로152번길 45 종사원증번호 GG25-01898상사/조합정보 구매 가이드 허위매물 대처 압류 및 저당 처리 성능 상태 점검기록부 차량 금액 외 별도 수수료 차량 이전등록 차량 체크사항 알림등록 비슷한 조건의 동일한 모델이 신규매물로 등록되면 알려드릴까요? 알림등록 330만원 총비용계산기 보험료 계산 대출상품 조회 리스상품 조회 보험이력 5건 성능점검내역 일반/엔카직영 신차가격표 판매자 문의하기 중고차시세 팔린매물 동급매물 엔카 중고차론 금융사 비교하고 제휴 추가할인 금리 4.9% 부터~ 닫기 허위매물 단속 및 매매관련 분쟁 처리 등을 위해 050안심번호로문의하면 전화번호와 통화내용이 엔카에 자동 저장됩니다.050도움말 엔카는 등록 시스템만을 제공하며, 판매자가 직접 등록한 차량의 모든 책임은 판매자에게 있습니다. 신고하기 회사소개인재채용클린엔카지점안내엔카직영성능점검장안내매매지원이용약관고객센터디스플레이광고개인정보처리방침금융소비자보호원격지원서비스 네이버 블로그 인스타그램 유튜브 페이스북 패밀리사이트 O2O를 잇는 신뢰와 기술로 차량을 사고 파는 모습의 진화를 만듭니다 고객센터 : 1599-5455FAX : 02-754-8768대표메일 : trust@encar.com주소 : 서울특별시 중구 통일로2길 16, 18~19층(순화동) 사업자 등록번호 : 104-86-54476통신판매업신고 : 제2014-서울중구-0393호대표자 : 김상범Copyright © 엔카닷컴(주) 내 차를 최고가에 팔고, 믿고 사는 가장 좋은 방법. 엔카닷컴(주) 엔카닷컴(주)는 통신판매중개자로서 통신판매의 당사자가 아니며, 상품·거래정보, 거래에 대하여 책임을 지지 않습니다."
41225357,현대,YF 쏘나타,Y20 프라임 연식,YF 쏘나타Y20 프라임 연식,10/09식,2010,117226,가솔린,자동,,,서울,330,사고/수리이력 의심,,,,"가죽시트,내비,선루프,스마트키,열선시트,통풍시트,후방카메라",https://fem.encar.com/cars/detail/41225357?advClickPosition=mweb_mopre_g4_t400&listAdvType=mpremium&type=detail&view_type=normal,"엔카 기본정보 옵션정보 차량상태 보증현황 판매자 정보 딜러 셀프등록 로그인/회원가입 채팅 전체메뉴 열기 등록번호 41225357조회수 416찜 6 신고하기 프린트 공유하기 찜하기 #양호#HOT#COOL 엔카 실촬영 이전이미지 다음이미지 1 / 20 사진 모두보기 YF 쏘나타Y20 프라임 연식 10/09식 (11년형) 연형정보 주행거리 117,226km 연료 가솔린 차량번호 22누5072 자세히 옵션 정보더보기 주요옵션 옵션 설명 보기 선루프 없음 헤드램프 (HID) 없음 주차감지센서 있음 후방카메라 있음 자동에어컨 있음 스마트키 없음 내비게이션 있음 열선시트 있음 통풍시트 없음 가죽시트 없음 25개 옵션 모두보기 차량 상태 성능점검을 등록한 차량이에요 제시번호 : 20251617179 교환 4 판금 1 부식 없음 성능기록부 자세히보기 차량이력 내차 피해 총 3,053,803원 (3회) 타차 가해 총 1,109,677원 (1회) 특이 사항 없음 차량이력 자세히 보기 보증 현황 제조사 보증제조사보증도움말 일반/차체 엔진/미션 엔카금융 1분만에 한도/금리 비교 다양한 금융사의 금리를 비교해보세요 방문없이 조회가 가능해요 신용점수에 영향이 없어요 금리 비교하기 판매자 정보 판매자정보사진 경기모터스이애화매매 판매자 정보 판매중55판매완료200 경기 안산시 단원구 원포공원2로 24 종사원증번호 GC21-00518상사/조합정보 구매 가이드 허위매물 대처 압류 및 저당 처리 성능 상태 점검기록부 차량 금액 외 별도 수수료 차량 이전등록 차량 체크사항 알림등록 비슷한 조건의 동일한 모델이 신규매물로 등록되면 알려드릴까요? 알림등록 330만원 총비용계산기 보험료 계산 대출상품 조회 리스상품 조회 보험이력 4건 성능점검내역 일반/엔카직영 신차대비 14% 신차가격표 판매자 문의하기 중고차시세 팔린매물 동급매물 엔카 중고차론 금융사 비교하고 제휴 추가할인 금리 4.9% 부터~ 닫기 허위매물 단속 및 매매관련 분쟁 처리 등을 위해 050안심번호로문의하면 전화번호와 통화내용이 엔카에 자동 저장됩니다.050도움말 엔카는 등록 시스템만을 제공하며, 판매자가 직접 등록한 차량의 모든 책임은 판매자에게 있습니다. 신고하기 회사소개인재채용클린엔카지점안내엔카직영성능점검장안내매매지원이용약관고객센터디스플레이광고개인정보처리방침금융소비자보호원격지원서비스 네이버 블로그 인스타그램 유튜브 페이스북 패밀리사이트 O2O를 잇는 신뢰와 기술로 차량을 사고 파는 모습의 진화를 만듭니다 고객센터 : 1599-5455FAX : 02-754-8768대표메일 : trust@encar.com주소 : 서울특별시 중구 통일로2길 16, 18~19층(순화동) 사업자 등록번호 : 104-86-54476통신판매업신고 : 제2014-서울중구-0393호대표자 : 김상범Copyright © 엔카닷컴(주) 내 차를 최고가에 팔고, 믿고 사는 가장 좋은 방법. 엔카닷컴(주) 엔카닷컴(주)는 통신판매중개자로서 통신판매의 당사자가 아니며, 상품·거래정보, 거래에 대하여 책임을 지지 않습니다."
40477859,현대,YF 쏘나타,LPI 프리미어(장애인용) 연식,YF 쏘나타LPI 프리미어(장애인용) 연식,09/10식,2009,98824,LPG(일반인 구입),자동,,은색,서울,429,무사고,,,,"가죽시트,내비,선루프,스마트키,열선시트,통풍시트,후방카메라",https://fem.encar.com/cars/detail/40477859?advClickPosition=mweb_mopre_g5_t400&listAdvType=mpremium&type=detail&view_type=checked,"엔카 기본정보 옵션정보 차량상태 보증현황 판매자 정보 딜러 셀프등록 로그인/회원가입 채팅 전체메뉴 엔카진단 등록번호 40477859조회수 104찜 1 신고하기 프린트 공유하기 찜하기 무사고 / 타이어 앞,뒤 교체완 / 하체잡소리 없음 / 옵션굿 이전이미지 다음이미지 1 / 20 사진 모두보기 YF 쏘나타LPI 프리미어(장애인용) 연식 09/10식 (10년형) 연형정보 주행거리 98,824km 연료 LPG(일반인 구입) 차량번호 23오4283 자세히 엔카가 아래 사항을 모두 진단 하였습니다 툴팁 엔카진단 프레임무사고 확인 옵션 정보더보기 주요옵션 옵션 설명 보기 선루프 없음 헤드램프 (HID) 없음 주차감지센서 있음 후방카메라 있음 자동에어컨 있음 스마트키 있음 내비게이션 있음 열선시트 있음 통풍시트 없음 가죽시트 있음 26개 옵션 모두보기 이 차를 추천하는 이유더보기 타색대비 관리하기 수월한 은색바디에 연식대비 짧은주행거리가 돋보이며 운전자의 편의성을 높혀줄 스마트키 및 정품내비까지 지금 만나보세요! 차량 상태 엔카진단 엔카가 무사고 진단을 했어요 프레임 진단 정상 외부패널 진단 정상 엔카진단 자세히 보기 성능점검을 등록한 차량이에요 제시번호 : 2025167583 교환 없음 판금 없음 부식 없음 성능기록부 자세히보기 차량이력 내차 피해 총 3,213,020원 (4회) 타차 가해 총 2,238,910원 (2회) 특이 사항 없음 차량이력 자세히 보기 보증 현황 제조사 보증제조사보증도움말 일반/차체 엔진/미션 엔카금융 1분만에 한도/금리 비교 다양한 금융사의 금리를 비교해보세요 방문없이 조회가 가능해요 신용점수에 영향이 없어요 금리 비교하기 판매자 정보 판매자정보사진 디엘모터스조태원매매 판매자 정보 판매중31판매완료97 경기 부천시 신상로 25 종사원증번호 gg2102198상사/조합정보 구매 가이드 허위매물 대처 압류 및 저당 처리 성능 상태 점검기록부 차량 금액 외 별도 수수료 차량 이전등록 차량 체크사항 알림등록 비슷한 조건의 동일한 모델이 신규매물로 등록되면 알려드릴까요? 알림등록 429만원 총비용계산기 보험료 계산 대출상품 조회 리스상품 조회 보험이력 6건 성능점검내역 일반/엔카직영 신차가격표 판매자 문의하기 중고차시세 팔린매물 동급매물 엔카 중고차론 금융사 비교하고 제휴 추가할인 금리 4.9% 부터~ 닫기 허위매물 단속 및 매매관련 분쟁 처리 등을 위해 050안심번호로문의하면 전화번호와 통화내용이 엔카에 자동 저장됩니다.050도움말 엔카는 등록 시스템만을 제공하며, 판매자가 직접 등록한 차량의 모든 책임은 판매자에게 있습니다. 신고하기 회사소개인재채용클린엔카지점안내엔카직영성능점검장안내매매지원이용약관고객센터디스플레이광고개인정보처리방침금융소비자보호원격지원서비스 네이버 블로그 인스타그램 유튜브 페이스북 패밀리사이트 O2O를 잇는 신뢰와 기술로 차량을 사고 파는 모습의 진화를 만듭니다 고객센터 : 1599-5455FAX : 02-754-8768대표메일 : trust@encar.com주소 : 서울특별시 중구 통일로2길 16, 18~19층(순화동) 사업자 등록번호 : 104-86-54476통신판매업신고 : 제2014-서울중구-0393호대표자 : 김상범Copyright © 엔카닷컴(주) 내 차를 최고가에 팔고, 믿고 사는 가장 좋은 방법. 엔카닷컴(주) 엔카닷컴(주)는 통신판매중개자로서 통신판매의 당사자가 아니며, 상품·거래정보, 거래에 대하여 책임을 지지 않습니다."
41509017,현대,YF 쏘나타,Y20 프라임블랙 연식,YF 쏘나타Y20 프라임블랙 연식,10/10식,2010,113663,가솔린,오토,,화이트,서울,115,무사고,,,,"가죽시트,내비,선루프,스마트키,열선시트,통풍시트,후방카메라",https://fem.encar.com/cars/detail/41509017?advClickPosition=mweb_mopre_g6_t400&listAdvType=mpremium&type=detail&view_type=checked,"엔카 기본정보 옵션정보 차량상태 보증현황 판매자 정보 딜러 셀프등록 로그인/회원가입 채팅 전체메뉴 엔카진단 등록번호 41509017조회수 886찜 17 신고하기 프린트 공유하기 찜하기 #급매#COOL#최저가 *[급매][방송출연우수딜러][가성비극강][차량상태최상급]* 이전이미지 다음이미지 1 / 20 사진 모두보기 YF 쏘나타Y20 프라임블랙 연식 10/10식 (11년형) 연형정보 주행거리 113,663km 연료 가솔린 차량번호 40부2698 자세히 엔카가 아래 사항을 모두 진단 하였습니다 툴팁 엔카진단 프레임무사고 확인 옵션 정보더보기 주요옵션 옵션 설명 보기 선루프 있음 헤드램프 (HID) 없음 주차감지센서 있음 후방카메라 없음 자동에어컨 있음 스마트키 없음 내비게이션 없음 열선시트 있음 통풍시트 없음 가죽시트 있음 28개 옵션 모두보기 이 차만의 옵션더보기 3피스 타입 파노라마 썬루프(전동식 롤 블라인드) 115만원 이 차를 추천하는 이유더보기 보유 중인 주행거리 대비 실내 양호하며 1열 열선 탑재로 겨울철 운전도 걱정 없는 차량입니다 :) 선호도 높은 화이트 외관도 매력적이니 만나보세요! 차량 상태 엔카진단 엔카가 무사고 진단을 했어요 프레임 진단 정상 외부패널 진단 교환 엔카진단 자세히 보기 성능점검을 등록한 차량이에요 제시번호 : 20250212 교환 2 판금 1 부식 없음 성능기록부 자세히보기 차량이력 내차 피해 총 926,670원 (2회) 타차 가해 총 450,510원 (1회) 특이 사항 없음 차량이력 자세히 보기 보증 현황 제조사 보증제조사보증도움말 일반/차체 엔진/미션 엔카금융 1분만에 한도/금리 비교 다양한 금융사의 금리를 비교해보세요 방문없이 조회가 가능해요 신용점수에 영향이 없어요 금리 비교하기 판매자 정보 판매자정보사진 트리에이치오토 대표황민호매매 판매자 정보 판매중9판매완료97 서울 강서구 종사원증번호 SN24-00142상사/조합정보 구매 가이드 허위매물 대처 압류 및 저당 처리 성능 상태 점검기록부 차량 금액 외 별도 수수료 차량 이전등록 차량 체크사항 알림등록 비슷한 조건의 동일한 모델이 신규매물로 등록되면 알려드릴까요? 알림등록 399만원 총비용계산기 보험료 계산 대출상품 조회 리스상품 조회 보험이력 3건 성능점검내역 일반/엔카직영 신차대비 -% 신차가격표 판매자 문의하기 중고차시세 팔린매물 동급매물 엔카 중고차론 금융사 비교하고 제휴 추가할인 금리 4.9% 부터~ 닫기 허위매물 단속 및 매매관련 분쟁 처리 등을 위해 050안심번호로문의하면 전화번호와 통화내용이 엔카에 자동 저장됩니다.050도움말 엔카는 등록 시스템만을 제공하며, 판매자가 직접 등록한 차량의 모든 책임은 판매자에게 있습니다. 신고하기 회사소개인재채용클린엔카지점안내엔카직영성능점검장안내매매지원이용약관고객센터디스플레이광고개인정보처리방침금융소비자보호원격지원서비스 네이버 블로그 인스타그램 유튜브 페이스북 패밀리사이트 O2O를 잇는 신뢰와 기술로 차량을 사고 파는 모습의 진화를 만듭니다 고객센터 : 1599-5455FAX : 02-754-8768대표메일 : trust@encar.com주소 : 서울특별시 중구 통일로2길 16, 18~19층(순화동) 사업자 등록번호 : 104-86-54476통신판매업신고 : 제2014-서울중구-0393호대표자 : 김상범Copyright © 엔카닷컴(주) 내 차를 최고가에 팔고, 믿고 사는 가장 좋은 방법. 엔카닷컴(주) 엔카닷컴(주)는 통신판매중개자로서 통신판매의 당사자가 아니며, 상품·거래정보, 거래에 대하여 책임을 지지 않습니다."
40955073,현대,YF 쏘나타,Y20 프라임고급형 연식,YF 쏘나타Y20 프라임고급형 연식,10/05식,2010,136187,가솔린,자동,,,서울,135,사고/수리이력 의심,,렌트이력,,"가죽시트,내비,네비,선루프,스마트키,열선시트,통풍시트,후방카메라",https://fem.encar.com/cars/detail/40955073?advClickPosition=mweb_mopre_g7_t400&listAdvType=mpremium&type=detail&view_type=normal,"엔카 기본정보 옵션정보 차량상태 보증현황 판매자 정보 딜러 셀프등록 로그인/회원가입 채팅 전체메뉴 열기 등록번호 40955073조회수 1,438찜 20 신고하기 프린트 공유하기 찜하기 #양호#HOT#COOL 가성비 끝판왕 !! 이전이미지 다음이미지 1 / 20 사진 모두보기 YF 쏘나타Y20 프라임고급형 연식 10/05식 연형정보 주행거리 136,187km 연료 가솔린 차량번호 64러9792 자세히 옵션 정보더보기 주요옵션 옵션 설명 보기 선루프 없음 헤드램프 (HID) 없음 주차감지센서 있음 후방카메라 있음 자동에어컨 있음 스마트키 없음 내비게이션 있음 열선시트 있음 통풍시트 없음 가죽시트 있음 25개 옵션 모두보기 이 차만의 옵션더보기 Intelligent DMB 네비게이션(외장형 앰프,서브 우퍼, 음성 인식 포함) 135만원 차량 상태 성능점검을 등록한 차량이에요 제시번호 : 20251118 교환 1 판금 2 부식 없음 성능기록부 자세히보기 차량이력 내차 피해 총 1,610,378원 (3회) 타차 가해 총 1,423,862원 (2회) 특이 사항 렌트 이력 차량이력 자세히 보기 보증 현황 제조사 보증제조사보증도움말 일반/차체 엔진/미션 엔카금융 1분만에 한도/금리 비교 다양한 금융사의 금리를 비교해보세요 방문없이 조회가 가능해요 신용점수에 영향이 없어요 금리 비교하기 판매자 정보 판매자정보사진 UCS.AUTO현재욱매매 판매자 정보 판매중20판매완료103 서울 강서구 종사원증번호 se21-00915상사/조합정보 중고차 거래가 불안하고 어려우신가요? · 프라이빗한 공간(안심거래존)에서 판매자를 만나 차량을 확인하고 상담할 수 있습니다. · 엔카가 편안하고 안전하게 상담할 수 있도록 도와드립니다. 안심거래존에서 차량 확인하기 구매 가이드 허위매물 대처 압류 및 저당 처리 성능 상태 점검기록부 차량 금액 외 별도 수수료 차량 이전등록 차량 체크사항 알림등록 비슷한 조건의 동일한 모델이 신규매물로 등록되면 알려드릴까요? 알림등록 430만원 총비용계산기 보험료 계산 대출상품 조회 리스상품 조회 보험이력 5건 성능점검내역 일반/엔카직영 신차대비 17% 신차가격표 판매자 문의하기 중고차시세 팔린매물 동급매물 엔카 중고차론 금융사 비교하고 제휴 추가할인 금리 4.9% 부터~ 닫기 허위매물 단속 및 매매관련 분쟁 처리 등을 위해 050안심번호로문의하면 전화번호와 통화내용이 엔카에 자동 저장됩니다.050도움말 엔카는 등록 시스템만을 제공하며, 판매자가 직접 등록한 차량의 모든 책임은 판매자에게 있습니다. 신고하기 회사소개인재채용클린엔카지점안내엔카직영성능점검장안내매매지원이용약관고객센터디스플레이광고개인정보처리방침금융소비자보호원격지원서비스 네이버 블로그 인스타그램 유튜브 페이스북 패밀리사이트 O2O를 잇는 신뢰와 기술로 차량을 사고 파는 모습의 진화를 만듭니다 고객센터 : 1599-5455FAX : 02-754-8768대표메일 : trust@encar.com주소 : 서울특별시 중구 통일로2길 16, 18~19층(순화동) 사업자 등록번호 : 104-86-54476통신판매업신고 : 제2014-서울중구-0393호대표자 : 김상범Copyright © 엔카닷컴(주) 내 차를 최고가에 팔고, 믿고 사는 가장 좋은 방법. 엔카닷컴(주) 엔카닷컴(주)는 통신판매중개자로서 통신판매의 당사자가 아니며, 상품·거래정보, 거래에 대하여 책임을 지지 않습니다."
41310694,현대,YF 쏘나타,LPI 럭셔리 연식,YF 쏘나타LPI 럭셔리 연식,12/06식,2012,143280,LPG(일반인 구입),자동,,,서울,390,사고/수리이력 의심,,,,"가죽시트,내비,선루프,스마트키,열선시트,통풍시트,후방카메라",https://fem.encar.com/cars/detail/41310694?advClickPosition=mweb_mowoo_g1_t400&listAdvType=mowoo&type=detail&view_type=normal,"엔카 기본정보 옵션정보 차량상태 보증현황 판매자 정보 딜러 셀프등록 로그인/회원가입 채팅 전체메뉴 열기 등록번호 41310694조회수 73찜 0 신고하기 프린트 공유하기 찜하기 이전이미지 다음이미지 1 / 20 사진 모두보기 YF 쏘나타LPI 럭셔리 연식 12/06식 연형정보 주행거리 143,280km 연료 LPG(일반인 구입) 차량번호 59더1439 자세히 옵션 정보더보기 주요옵션 옵션 설명 보기 선루프 없음 헤드램프 (HID) 없음 주차감지센서 있음 후방카메라 있음 자동에어컨 없음 스마트키 없음 내비게이션 없음 열선시트 없음 통풍시트 없음 가죽시트 있음 18개 옵션 모두보기 차량 상태 성능점검을 등록한 차량이에요 제시번호 : 2510016651 교환 없음 판금 없음 부식 없음 성능기록부 자세히보기 보증 현황 제조사 보증제조사보증도움말 일반/차체 엔진/미션 엔카금융 1분만에 한도/금리 비교 다양한 금융사의 금리를 비교해보세요 방문없이 조회가 가능해요 신용점수에 영향이 없어요 금리 비교하기 판매자 정보 판매자정보사진 (주)정모터스임익환매매 판매자 정보 판매중158판매완료1227 대전 유성구 복용동로 35 종사원증번호 214201285상사/조합정보 구매 가이드 허위매물 대처 압류 및 저당 처리 성능 상태 점검기록부 차량 금액 외 별도 수수료 차량 이전등록 차량 체크사항 알림등록 비슷한 조건의 동일한 모델이 신규매물로 등록되면 알려드릴까요? 알림등록 390만원 총비용계산기 보험료 계산 대출상품 조회 리스상품 조회 보험이력 공개 성능점검내역 일반/엔카직영 신차가격표 판매자 문의하기 중고차시세 팔린매물 동급매물 엔카 중고차론 금융사 비교하고 제휴 추가할인 금리 4.9% 부터~ 닫기 허위매물 단속 및 매매관련 분쟁 처리 등을 위해 050안심번호로문의하면 전화번호와 통화내용이 엔카에 자동 저장됩니다.050도움말 엔카는 등록 시스템만을 제공하며, 판매자가 직접 등록한 차량의 모든 책임은 판매자에게 있습니다. 신고하기 회사소개인재채용클린엔카지점안내엔카직영성능점검장안내매매지원이용약관고객센터디스플레이광고개인정보처리방침금융소비자보호원격지원서비스 네이버 블로그 인스타그램 유튜브 페이스북 패밀리사이트 O2O를 잇는 신뢰와 기술로 차량을 사고 파는 모습의 진화를 만듭니다 고객센터 : 1599-5455FAX : 02-754-8768대표메일 : trust@encar.com주소 : 서울특별시 중구 통일로2길 16, 18~19층(순화동) 사업자 등록번호 : 104-86-54476통신판매업신고 : 제2014-서울중구-0393호대표자 : 김상범Copyright © 엔카닷컴(주) 내 차를 최고가에 팔고, 믿고 사는 가장 좋은 방법. 엔카닷컴(주) 엔카닷컴(주)는 통신판매중개자로서 통신판매의 당사자가 아니며, 상품·거래정보, 거래에 대하여 책임을 지지 않습니다."
41265617,현대,YF 쏘나타,Y20 럭셔리 연식,YF 쏘나타Y20 럭셔리 연식,12/01식,2012,98009,가솔린,자동,,,서울,420,사고/수리이력 의심,,,,"가죽시트,내비,선루프,스마트키,열선시트,통풍시트,후방카메라",https://fem.encar.com/cars/detail/41265617?advClickPosition=mweb_mowoo_g3_t400&listAdvType=mowoo&type=detail&view_type=normal,"엔카 기본정보 옵션정보 차량상태 보증현황 판매자 정보 딜러 셀프등록 로그인/회원가입 채팅 전체메뉴 열기 등록번호 41265617조회수 94찜 4 신고하기 프린트 공유하기 찜하기 #양호#HOT#COOL 엔카 실촬영 최저가 패밀리카 이전이미지 다음이미지 1 / 20 사진 모두보기 YF 쏘나타Y20 럭셔리 연식 12/01식 연형정보 주행거리 98,009km 연료 가솔린 차량번호 14모3387 자세히 옵션 정보더보기 주요옵션 옵션 설명 보기 선루프 없음 헤드램프 (HID) 없음 주차감지센서 있음 후방카메라 없음 자동에어컨 있음 스마트키 있음 내비게이션 있음 열선시트 있음 통풍시트 없음 가죽시트 있음 30개 옵션 모두보기 차량 상태 엔카가 직접 성능점검을 했어요 제시번호 : 67-04-555205 엔카 직영성능장에서는 69개 항목을 꼼꼼히 점검합니다. 정확한 성능점검 기록으로 타사 대비 최대 55% 성능보험료가 저렴합니다. 교환 1 판금 2 부식 없음 성능기록부 자세히보기 차량이력 내차 피해 총 4,643,980원 (3회) 타차 가해 없음 특이 사항 없음 차량이력 자세히 보기 보증 현황 제조사 보증제조사보증도움말 일반/차체 엔진/미션 엔카금융 1분만에 한도/금리 비교 다양한 금융사의 금리를 비교해보세요 방문없이 조회가 가능해요 신용점수에 영향이 없어요 금리 비교하기 판매자 정보 판매자정보사진 (주)픽플러스김현남매매 판매자 정보 판매중36판매완료156 경기 고양시 일산동구 종사원증번호 GG20-02141상사/조합정보 중고차 거래가 불안하고 어려우신가요? · 프라이빗한 공간(안심거래존)에서 판매자를 만나 차량을 확인하고 상담할 수 있습니다. · 엔카가 편안하고 안전하게 상담할 수 있도록 도와드립니다. 안심거래존에서 차량 확인하기 구매 가이드 허위매물 대처 압류 및 저당 처리 성능 상태 점검기록부 차량 금액 외 별도 수수료 차량 이전등록 차량 체크사항 알림등록 비슷한 조건의 동일한 모델이 신규매물로 등록되면 알려드릴까요? 알림등록 420만원 총비용계산기 보험료 계산 대출상품 조회 리스상품 조회 보험이력 3건 성능점검내역 일반/엔카직영 신차대비 17% 신차가격표 판매자 문의하기 중고차시세 팔린매물 동급매물 엔카 중고차론 금융사 비교하고 제휴 추가할인 금리 4.9% 부터~ 닫기 허위매물 단속 및 매매관련 분쟁 처리 등을 위해 050안심번호로문의하면 전화번호와 통화내용이 엔카에 자동 저장됩니다.050도움말 엔카는 등록 시스템만을 제공하며, 판매자가 직접 등록한 차량의 모든 책임은 판매자에게 있습니다. 신고하기 회사소개인재채용클린엔카지점안내엔카직영성능점검장안내매매지원이용약관고객센터디스플레이광고개인정보처리방침금융소비자보호원격지원서비스 네이버 블로그 인스타그램 유튜브 페이스북 패밀리사이트 O2O를 잇는 신뢰와 기술로 차량을 사고 파는 모습의 진화를 만듭니다 고객센터 : 1599-5455FAX : 02-754-8768대표메일 : trust@encar.com주소 : 서울특별시 중구 통일로2길 16, 18~19층(순화동) 사업자 등록번호 : 104-86-54476통신판매업신고 : 제2014-서울중구-0393호대표자 : 김상범Copyright © 엔카닷컴(주) 내 차를 최고가에 팔고, 믿고 사는 가장 좋은 방법. 엔카닷컴(주) 엔카닷컴(주)는 통신판매중개자로서 통신판매의 당사자가 아니며, 상품·거래정보, 거래에 대하여 책임을 지지 않습니다."
41019165,현대,YF 쏘나타,Y20 프라임블랙 연식,YF 쏘나타Y20 프라임블랙 연식,11/01식,2011,94015,가솔린,자동,,블랙,서울,489,무사고,,,,"가죽시트,내비,선루프,스마트키,열선시트,통풍시트,후방카메라",https://fem.encar.com/cars/detail/41019165?advClickPosition=mweb_mhightlight_g1_t400&listAdvType=mhighlight&type=detail&view_type=hs_ad,"엔카 기본정보 옵션정보 차량상태 보증현황 엔카서비스 딜러 셀프등록 로그인/회원가입 채팅 전체메뉴 열기 엔카진단+ 엔카믿고 등록번호 41018137조회수 318찜 12 신고하기 프린트 공유하기 찜하기 ★차량상태최상★엔진보링★아주썡쌩 이전이미지 다음이미지 1 / 20 사진 모두보기 YF 쏘나타Y20 프라임블랙 연식 11/01식 연형정보 주행거리 94,015km 연료 가솔린 차량번호 24거3546 자세히 엔카가 아래 사항을 모두 진단 하였습니다 툴팁 엔카진단+ 프레임무사고 확인 내외부차량 관리 상태 확인 엔카를 통한 구매는 환불을 보장합니다 엔카믿고 차량확인 시원하는 곳으로 배송 구매 시7일간 타보고 환불가능 옵션 정보더보기 주요옵션 옵션 설명 보기 선루프 없음 헤드램프 (HID) 없음 주차감지센서 있음 후방카메라 없음 자동에어컨 있음 스마트키 없음 내비게이션 없음 열선시트 있음 통풍시트 없음 가죽시트 있음 27개 옵션 모두보기 이 차를 추천하는 이유더보기 11년 출고 후 9만km대의 연식대비 짧은 주행거리를 유지중인 차량이며 1열 2열 모두 열선시트가 장착되어 추운날씨에도 따뜻한 이용이 가능해요 차량 상태 엔카진단+ 엔카가 무사고 진단을 했어요 프레임 진단 정상 외부패널 진단 정상 엔카진단 자세히 보기 엔카가 차량상태를 확인했어요 더보기 외관 스크래치, 등화장치, 타이어 상태, 실내 냄새까지 엔카 진단센터에서 직접 확인했어요. 차량 키 개수 1개 틴팅(앞 유리) 있음 타이어트레드 잔량 (앞) 툴팁 4mm 타이어트레드 잔량 (뒤) 툴팁 5mm 더보기 차량관리상태 모두보기 성능점검을 등록한 차량이에요 제시번호 : 20251549153 교환 1 판금 없음 부식 없음 성능기록부 자세히보기 차량이력 내차 피해 총 2,521,225원 (5회) 타차 가해 총 1,154,733원 (1회) 특이 사항 없음 차량이력 자세히 보기 보증 현황 제조사 보증제조사보증도움말 일반/차체 엔진/미션 엔카를 통해 구매하기 엔카믿고 제공혜택 차량확인 시원하는 곳으로 배송 구매 시7일간 타보고 환불가능 집앞으로 배송받기 엔카 전담 상담원 엔카 매니저 고객님과 꼼꼼히 상담 후 배송해드린 차량을 7일간 타보세요. 대출 상담부터 스크래치 확인까지 1:1로 엔카매니저가 모두 도와드리는 서비스 입니다. 판매자 정보 엔카금융 1분만에 한도/금리 비교 다양한 금융사의 금리를 비교해보세요 방문없이 조회가 가능해요 신용점수에 영향이 없어요 금리 비교하기 구매 가이드 허위매물 대처 압류 및 저당 처리 성능 상태 점검기록부 차량 금액 외 별도 수수료 차량 이전등록 차량 체크사항 알림등록 비슷한 조건의 동일한 모델이 신규매물로 등록되면 알려드릴까요? 알림등록 489만원 총비용계산기 보험료 계산 대출상품 조회 리스상품 조회 보험이력 6건 성능점검내역 일반/엔카직영 신차대비 -% 신차가격표 문의하기 엔카를 통해 구매하기 중고차시세 팔린매물 동급매물 엔카 중고차론 금융사 비교하고 제휴 추가할인 금리 4.9% 부터~ 닫기 허위매물 단속 및 매매관련 분쟁 처리 등을 위해 050안심번호로문의하면 전화번호와 통화내용이 엔카에 자동 저장됩니다.050도움말 회사소개인재채용클린엔카지점안내엔카직영성능점검장안내매매지원이용약관고객센터디스플레이광고개인정보처리방침금융소비자보호원격지원서비스 네이버 블로그 인스타그램 유튜브 페이스북 패밀리사이트 O2O를 잇는 신뢰와 기술로 차량을 사고 파는 모습의 진화를 만듭니다 고객센터 : 1599-5455FAX : 02-754-8768대표메일 : trust@encar.com주소 : 서울특별시 중구 통일로2길 16, 18~19층(순화동) 사업자 등록번호 : 104-86-54476통신판매업신고 : 제2014-서울중구-0393호대표자 : 김상범Copyright © 엔카닷컴(주) 내 차를 최고가에 팔고, 믿고 사는 가장 좋은 방법. 엔카닷컴(주) 엔카닷컴(주)는 통신판매중개자로서 통신판매의 당사자가 아니며, 상품·거래정보, 거래에 대하여 책임을 지지 않습니다."
41499870,현대,YF 쏘나타,LPI 프리미어(장애인용) 연식,YF 쏘나타LPI 프리미어(장애인용) 연식,09/10식,2009,176785,LPG(일반인 구입),자동,,,서울,380,무사고,,,,"가죽시트,내비,네비,선루프,스마트키,열선시트,통풍시트,후방카메라",https://fem.encar.com/cars/detail/41499870?advClickPosition=mweb_mhightlight_g2_t400&listAdvType=mhighlight&type=detail&view_type=checked,"엔카 기본정보 옵션정보 차량상태 보증현황 판매자 정보 딜러 셀프등록 로그인/회원가입 채팅 전체메뉴 열기 엔카진단 등록번호 41499870조회수 110찜 0 신고하기 프린트 공유하기 찜하기 이전이미지 다음이미지 1 / 20 사진 모두보기 YF 쏘나타LPI 프리미어(장애인용) 연식 09/10식 (10년형) 연형정보 주행거리 176,785km 연료 LPG(일반인 구입) 차량번호 58오5943 자세히 엔카가 아래 사항을 모두 진단 하였습니다 툴팁 엔카진단 프레임무사고 확인 옵션 정보더보기 주요옵션 옵션 설명 보기 선루프 없음 헤드램프 (HID) 없음 주차감지센서 있음 후방카메라 있음 자동에어컨 있음 스마트키 있음 내비게이션 없음 열선시트 있음 통풍시트 없음 가죽시트 있음 21개 옵션 모두보기 이 차를 추천하는 이유더보기 안락한 주행에 도움이 되는 애프터마켓 네비게이션 장착으로 안전한 길찾기가 가능하며 후방카메라까지 있어 후진시에도 안전한 주차 가능합니다♡ 차량 상태 엔카진단 엔카가 무사고 진단을 했어요 프레임 진단 정상 외부패널 진단 교환 엔카진단 자세히 보기 차량이력 내차 피해 총 2,246,495원 (5회) 타차 가해 총 2,570,990원 (4회) 특이 사항 없음 차량이력 자세히 보기 보증 현황 제조사 보증제조사보증도움말 일반/차체 엔진/미션 엔카금융 1분만에 한도/금리 비교 다양한 금융사의 금리를 비교해보세요 방문없이 조회가 가능해요 신용점수에 영향이 없어요 금리 비교하기 판매자 정보 판매자정보사진 뉴에덴상사서대성매매 판매자 정보 판매중6판매완료23 울산 북구 무룡로 68 종사원증번호 14-052-00224상사/조합정보 구매 가이드 허위매물 대처 압류 및 저당 처리 성능 상태 점검기록부 차량 금액 외 별도 수수료 차량 이전등록 차량 체크사항 알림등록 비슷한 조건의 동일한 모델이 신규매물로 등록되면 알려드릴까요? 알림등록 380만원 총비용계산기 보험료 계산 대출상품 조회 리스상품 조회 보험이력 9건 성능점검내역 미등록 신차가격표 판매자 문의하기 중고차시세 팔린매물 동급매물 엔카 중고차론 금융사 비교하고 제휴 추가할인 금리 4.9% 부터~ 닫기 허위매물 단속 및 매매관련 분쟁 처리 등을 위해 050안심번호로문의하면 전화번호와 통화내용이 엔카에 자동 저장됩니다.050도움말 엔카는 등록 시스템만을 제공하며, 판매자가 직접 등록한 차량의 모든 책임은 판매자에게 있습니다. 신고하기 회사소개인재채용클린엔카지점안내엔카직영성능점검장안내매매지원이용약관고객센터디스플레이광고개인정보처리방침금융소비자보호원격지원서비스 네이버 블로그 인스타그램 유튜브 페이스북 패밀리사이트 O2O를 잇는 신뢰와 기술로 차량을 사고 파는 모습의 진화를 만듭니다 고객센터 : 1599-5455FAX : 02-754-8768대표메일 : trust@encar.com주소 : 서울특별시 중구 통일로2길 16, 18~19층(순화동) 사업자 등록번호 : 104-86-54476통신판매업신고 : 제2014-서울중구-0393호대표자 : 김상범Copyright © 엔카닷컴(주) 내 차를 최고가에 팔고, 믿고 사는 가장 좋은 방법. 엔카닷컴(주) 엔카닷컴(주)는 통신판매중개자로서 통신판매의 당사자가 아니며, 상품·거래정보, 거래에 대하여 책임을 지지 않습니다."
41038293,현대,YF 쏘나타,LPI 디럭스 연식,YF 쏘나타LPI 디럭스 연식,10/02식,2010,140843,LPG(일반인 구입),자동,,,서울,370,사고/수리이력 의심,,,,"가죽시트,내비,선루프,스마트키,열선시트,통풍시트,후방카메라",https://fem.encar.com/cars/detail/41038293?advClickPosition=mweb_mhightlight_g4_t400&listAdvType=mhighlight&type=detail&view_type=normal,"엔카 기본정보 옵션정보 차량상태 보증현황 판매자 정보 딜러 셀프등록 로그인/회원가입 채팅 전체메뉴 열기 등록번호 41038293조회수 234찜 2 신고하기 프린트 공유하기 찜하기 #HOT#COOL#양호 엔카에서 촬영한 100% 실매물 차량입니다. 이전이미지 다음이미지 1 / 20 사진 모두보기 YF 쏘나타LPI 디럭스 연식 10/02식 연형정보 주행거리 140,843km 연료 LPG(일반인 구입) 차량번호 68거6445 자세히 옵션 정보더보기 주요옵션 옵션 설명 보기 선루프 없음 헤드램프 (HID) 없음 주차감지센서 없음 후방카메라 있음 자동에어컨 없음 스마트키 없음 내비게이션 있음 열선시트 없음 통풍시트 없음 가죽시트 있음 18개 옵션 모두보기 차량 상태 성능점검을 등록한 차량이에요 제시번호 : 2025107657 교환 4 판금 없음 부식 없음 성능기록부 자세히보기 차량이력 내차 피해 총 6,058,500원 (6회) 타차 가해 총 4,233,712원 (4회) 특이 사항 없음 차량이력 자세히 보기 보증 현황 제조사 보증제조사보증도움말 일반/차체 엔진/미션 엔카금융 1분만에 한도/금리 비교 다양한 금융사의 금리를 비교해보세요 방문없이 조회가 가능해요 신용점수에 영향이 없어요 금리 비교하기 판매자 정보 판매자정보사진 이슬모터스윤동하매매 판매자 정보 판매중14판매완료42 광주 서구 종사원증번호 19-062-00317상사/조합정보 구매 가이드 허위매물 대처 압류 및 저당 처리 성능 상태 점검기록부 차량 금액 외 별도 수수료 차량 이전등록 차량 체크사항 알림등록 비슷한 조건의 동일한 모델이 신규매물로 등록되면 알려드릴까요? 알림등록 370만원 총비용계산기 보험료 계산 대출상품 조회 리스상품 조회 보험이력 10건 성능점검내역 일반/엔카직영 신차가격표 판매자 문의하기 중고차시세 팔린매물 동급매물 엔카 중고차론 금융사 비교하고 제휴 추가할인 금리 4.9% 부터~ 닫기 허위매물 단속 및 매매관련 분쟁 처리 등을 위해 050안심번호로문의하면 전화번호와 통화내용이 엔카에 자동 저장됩니다.050도움말 엔카는 등록 시스템만을 제공하며, 판매자가 직접 등록한 차량의 모든 책임은 판매자에게 있습니다. 신고하기 회사소개인재채용클린엔카지점안내엔카직영성능점검장안내매매지원이용약관고객센터디스플레이광고개인정보처리방침금융소비자보호원격지원서비스 네이버 블로그 인스타그램 유튜브 페이스북 패밀리사이트 O2O를 잇는 신뢰와 기술로 차량을 사고 파는 모습의 진화를 만듭니다 고객센터 : 1599-5455FAX : 02-754-8768대표메일 : trust@encar.com주소 : 서울특별시 중구 통일로2길 16, 18~19층(순화동) 사업자 등록번호 : 104-86-54476통신판매업신고 : 제2014-서울중구-0393호대표자 : 김상범Copyright © 엔카닷컴(주) 내 차를 최고가에 팔고, 믿고 사는 가장 좋은 방법. 엔카닷컴(주) 엔카닷컴(주)는 통신판매중개자로서 통신판매의 당사자가 아니며, 상품·거래정보, 거래에 대하여 책임을 지지 않습니다."
41018137,현대,YF 쏘나타,Y20 프라임블랙 연식,YF 쏘나타Y20 프라임블랙 연식,11/01식,2011,94015,가솔린,오토,,블랙,서울,489,무사고,,,,"가죽시트,내비,선루프,스마트키,열선시트,통풍시트,후방카메라",https://fem.encar.com/cars/detail/41018137?advClickPosition=mweb_mhightlight_g5_t400&listAdvType=mhighlight&type=detail&view_type=checked,"엔카 기본정보 옵션정보 차량상태 보증현황 판매자 정보 딜러 셀프등록 로그인/회원가입 채팅 전체메뉴 열기 엔카진단+ 등록번호 41018137조회수 318찜 1 신고하기 프린트 공유하기 찜하기 ★차량상태최상★엔진보링★아주썡쌩 이전이미지 다음이미지 1 / 20 사진 모두보기 YF 쏘나타Y20 프라임블랙 연식 11/01식 연형정보 주행거리 94,015km 연료 가솔린 차량번호 24거3546 자세히 엔카가 아래 사항을 모두 진단 하였습니다 툴팁 엔카진단+ 프레임무사고 확인 내외부차량 관리 상태 확인 옵션 정보더보기 주요옵션 옵션 설명 보기 선루프 없음 헤드램프 (HID) 없음 주차감지센서 있음 후방카메라 없음 자동에어컨 있음 스마트키 없음 내비게이션 없음 열선시트 있음 통풍시트 없음 가죽시트 있음 27개 옵션 모두보기 이 차를 추천하는 이유더보기 11년 출고 후 9만km대의 연식대비 짧은 주행거리를 유지중인 차량이며 1열 2열 모두 열선시트가 장착되어 추운날씨에도 따뜻한 이용이 가능해요 차량 상태 엔카진단+ 엔카가 무사고 진단을 했어요 프레임 진단 정상 외부패널 진단 정상 엔카진단 자세히 보기 엔카가 차량상태를 확인했어요 더보기 외관 스크래치, 등화장치, 타이어 상태, 실내 냄새까지 엔카 진단센터에서 직접 확인했어요. 차량 키 개수 1개 틴팅(앞 유리) 있음 타이어트레드 잔량 (앞) 툴팁 4mm 타이어트레드 잔량 (뒤) 툴팁 5mm 더보기 차량관리상태 모두보기 성능점검을 등록한 차량이에요 제시번호 : 20251549153 교환 1 판금 없음 부식 없음 성능기록부 자세히보기 차량이력 내차 피해 총 2,521,225원 (5회) 타차 가해 총 1,154,733원 (1회) 특이 사항 없음 차량이력 자세히 보기 보증 현황 제조사 보증제조사보증도움말 일반/차체 엔진/미션 엔카금융 1분만에 한도/금리 비교 다양한 금융사의 금리를 비교해보세요 방문없이 조회가 가능해요 신용점수에 영향이 없어요 금리 비교하기 판매자 정보 판매자정보사진 설레임 오토모티브김아람매매 판매자 정보 판매중24판매완료156 경기 수원시 권선구 종사원증번호 gc23-03978상사/조합정보 이 차량을 '엔카믿고'로 신청하시면 엔카가 거래 과정을 함께 합니다. 엔카에 거래 도움받기 구매 가이드 허위매물 대처 압류 및 저당 처리 성능 상태 점검기록부 차량 금액 외 별도 수수료 차량 이전등록 차량 체크사항 알림등록 비슷한 조건의 동일한 모델이 신규매물로 등록되면 알려드릴까요? 알림등록 489만원 총비용계산기 보험료 계산 대출상품 조회 리스상품 조회 보험이력 6건 성능점검내역 일반/엔카직영 신차대비 -% 신차가격표 판매자 문의하기 중고차시세 팔린매물 동급매물 엔카 중고차론 금융사 비교하고 제휴 추가할인 금리 4.9% 부터~ 닫기 허위매물 단속 및 매매관련 분쟁 처리 등을 위해 050안심번호로문의하면 전화번호와 통화내용이 엔카에 자동 저장됩니다.050도움말 엔카는 등록 시스템만을 제공하며, 판매자가 직접 등록한 차량의 모든 책임은 판매자에게 있습니다. 신고하기 회사소개인재채용클린엔카지점안내엔카직영성능점검장안내매매지원이용약관고객센터디스플레이광고개인정보처리방침금융소비자보호원격지원서비스 네이버 블로그 인스타그램 유튜브 페이스북 패밀리사이트 O2O를 잇는 신뢰와 기술로 차량을 사고 파는 모습의 진화를 만듭니다 고객센터 : 1599-5455FAX : 02-754-8768대표메일 : trust@encar.com주소 : 서울특별시 중구 통일로2길 16, 18~19층(순화동) 사업자 등록번호 : 104-86-54476통신판매업신고 : 제2014-서울중구-0393호대표자 : 김상범Copyright © 엔카닷컴(주) 내 차를 최고가에 팔고, 믿고 사는 가장 좋은 방법. 엔카닷컴(주) 엔카닷컴(주)는 통신판매중개자로서 통신판매의 당사자가 아니며, 상품·거래정보, 거래에 대하여 책임을 지지 않습니다."
