title,content
"술 먹는 침팬지…""야생 소변 샘플 20개 검사, 17개서 알코올 대사물 검출""","

▲ 나무 위에서 과일을 먹고 있는 우간다 응고고의 서부 침팬지

 아프리카 우간다에 서식하는 야생 침팬지들의 소변 샘플을 채취해 검사한 결과 대부분 샘플에서 하루 두 잔가량의 술을 마신 수준의 알코올 대사물질이 검출됐다는 연구 결과가 나왔습니다. 
  
 미국 버클리 캘리포니아대(UC Berkeley) 로버트 더들리 교수팀은 25일 과학 저널 바이올로지 레터스(Biology Letters)에서 우간다 키발레 국립공원 내 침팬지들의 소변 샘플 20개를 채취해 검사한 결과 17개에서 하루 한두 잔(알코올 14ｇ) 음주에 해당하는 알코올 대사물질이 검출됐다고 밝혔습니다. 
  
 연구팀은 이에 대해 원숭이 등 영장류가 자연 발효된 과일을 먹고 알코올 섭취 능력을 진화시켰다는 음주의 기원에 관한 '취한 원숭이 가설'(drunken monkey hypothesis)'을 입증하는 증거일 수 있다고 분석했습니다. 
  
 인류가 술을 마시게 된 것이 침팬지 등 영장류와 인간의 공통 조상에서 기원했을 가능성을 시사하는 '취한 원숭이 가설'은 학계에서 널리 받아들여지고 있습니다. 
  
 실제로 과일을 주요 먹이로 하는 야생 침팬지들이 발효 과일을 먹는 모습이 여러 차례 관찰됐고, 더들리 교수팀은 이전 연구에서 침팬지들이 하루에 먹는 과일에 발효로 생성된 알코올이 약 14g가량 들어 있다는 분석 결과를 발표하기도 했습니다. 
  
 연구팀은 그러나 야생 침팬지들이 발효 과일을 통해 섭취하는 알코올의 양을 측정하려면 음주 측정기 사용이 현실적으로 어렵기 때문에 소변을 채취해 분석하는 게 유일한 선택이라고 연구 배경을 설명했습니다. 
  
 이들은 나무 위에 있는 침팬지의 소변을 채취하기 위해 Y자 모양으로 갈라진 긴 나뭇가지 끝을 비닐봉지로 감싸 넓고 얕은 플라스틱 그릇처럼 도구를 만든 다음, 우간다 키발레 국립공원에서 나무 위 침팬지들의 움직임을 관찰하며 11일 동안 소변 샘플 20개를 채취했습니다. 
  
 이들 소변 샘플은 19마리의 서로 다른 서부침팬지(Pan troglodytes)로부터 나왔습니다. 
  
 소변 샘플 분석에는 밀리리터당 300나노그램(ng/mL) 또는 500나노그램 이상의 알코올 대사물질(Ethylglucuronide)에 반응하는 상업용 시험지가 사용됐습니다. 
  
 분석 결과 20개의 소변 샘플 가운데 17개는 300ng/mL 시험지에 반응했으며, 11개는 500ng/mL 시험지에도 반응했습니다. 
  
 연구팀은 500ng/mL는 사람의 경우 최근 24시간 이내에 1~2잔(알코올 14ｇ)을 마신 이후 예상되는 수치라며 약간 발효된 과일을 오전 내내 섭취한 침팬지에서 비슷한 수준의 알코올 대사물질이 검출됐다고 밝혔습니다. 
  
 또 침팬지들이 대량으로 먹고 있던 스타애플들을 수집해 분석한 결과 당 함량은 약 20%, 에탄올은 중량 기준 0.09% 수준인 것으로 나타났습니다. 
  
 침팬지들은 하루 약 4.5㎏의 과일을 먹는 것으로 추정됩니다. 
  
 논문 제1 저자인 알렉세이 마로 연구원(박사과정)은 ""이 연구 결과는 '취한 원숭이 가설'과 관련해 동물이 인간과 유사한 방식으로 알코올을 경험할 만큼 환경에 알코올이 충분히 존재하는지에 대한 의문을 해소해 주는 것""이라고 설명했습니다. 
  
 더들리 교수는 그러나 ""이 연구가 '취한 원숭이 가설'의 모든 공백을 메운 것은 아니다""라며 ""침팬지가 에탄올 함량이 더 높은 과일을 선택적으로 섭취한다는 점을 입증하는 것이 이 가설의 마지막 고리로 남아 있다""고 말했습니다. 
  
 (사진=Aleksey Maro/UC Berkeley 제공, 연합뉴스)
 "
"미국, 유럽·중동에 군용기 150대 이동…이라크전 이후 최대","

▲ 제럴드 R. 포드함

 미국이 유럽과 중동 기지로 150대 넘는 군용기를 이동시킨 것으로 나타났습니다. 
  
 워싱턴포스트(WP)는 24일(현지시간) 공개된 비행 추적 데이터와 위성사진을 토대로 미국이 2003년 이라크 전쟁 이후 최대 규모의 군사력을 이 지역에 배치했다고 보도했습니다. 
  
 지난 20일 촬영된 위성 사진에 따르면 요르단 무와파크 살티 공군기지에선 60대 이상의 전투기가 포착됐습니다. 
  
 특히 스텔스 성능과 전자전 능력을 갖춘 F-35 전투기도 12대 이상 확인됐습니다. 
  
 최근 공개된 사진에선 영국 공군 기지에 F-22A 랩터 12대가 배치된 모습과 아조레스 제도에 F-16 전투기가 착륙하는 장면이 담겼습니다. 
  
 또한 미군은 최근 유럽과 중동에 E-3G 센트리 조기경보기 전력의 3분의 1 이상을 배치했습니다. 
  
 대형 회전식 레이더 돔을 장착한 이 기종은 목표 탐지와 전천후 감시가 가능하고, 주변 공역의 활동을 실시간으로 파악할 수 있습니다. 
  
 비행 추적 데이터에 나타난 항공기의 대다수는 수송기와 공중급유기입니다. 
  
 전투기는 위치 정보 송신을 끄는 경우가 많아 위성 사진에 포착되지 않는 한 추적이 어렵습니다. 
  
 또한 이달 초 중동에 배치된 항공모함 에이브러햄 링컨과 이 지역으로 파견된 항공모함 제럴드 R. 포드에도 수십 대의 전투기가 배치돼 있습니다. 
  
 포드 항공모함 전단이 목표 해역에 도착할 경우 미 해군 현역 함정의 약 3분의 1이 이 지역에 배치되는 셈입니다. 
  
 이번 전력 증강은 지난 17일 미국과 이란의 핵 협상이 별다른 성과 없이 마무리된 이후 이뤄졌습니다. 
  
 전문가들은 미군의 이 같은 군사력 집중은 지상 침공 없이 수일간 공중작전을 펼치는 시나리오를 염두에 뒀을 가능성이 있다고 분석했습니다. 
  
 앞서 도널드 트럼프 대통령은 핵 합의가 타결되지 않을 경우 이란을 공격할 수 있다고 밝혔습니다. 
  
 데이나 스트롤 전 국방부 부차관보는 ""대규모 군사력 집결은 트럼프 대통령이 무엇을 결정하든 실행 가능하다는 의미""라며 ""장기간의 고강도 작전부터 제한적이고 표적화된 공격까지 가능하다""고 말했습니다. 
  
 (사진=미 해군 제공, AP, 연합뉴스)
 "
"미국, 서안지구서 첫 영사 서비스…이스라엘 ""환영""","

▲ 서안지구의 이스라엘 군용 차량

 미국이 요르단강 서안의 이스라엘 정착촌에서 처음으로 영사 업무를 시작합니다. 
  
 이스라엘의 정착촌 확대 추진에 중동을 비롯한 국제사회가 비판을 쏟아내는 가운데 발표된 조치여서, 미국이 이스라엘을 간접 지지한 게 아니냐는 해석도 나옵니다. 
  
 로이터·AP통신 등에 따르면 예루살렘 주재 미국대사관은 24일(현지시간) 소셜미디어 엑스(X·옛 트위터) 게시물을 통해 ""영사업무 담당관들이 오는 27일 에프라트에서 통상적인 여권 서비스를 제공할 것""이라고 밝혔습니다. 
  
 에프라트는 베들레헴 남쪽의 정착촌입니다. 
  
 대사관은 향후 몇 달 안에 베이타르 일리트를 비롯한 다른 이스라엘 정착촌에서도 비슷한 영사 서비스를 제공할 계획이라며 ""모든 미국인에게 다가가기 위한 노력""이라고 설명했습니다. 
  
 서안지구에는 미국-이스라엘 복수 국적자가 수만 명 거주하는 것으로 추정되고 있습니다. 
  
 이러한 움직임은 이스라엘 정착촌 문제에 과거 정부보다 훨씬 더 친화적인 도널드 트럼프 미국 행정부의 정책 전환이 계속되고 있음을 보여준다고 AP는 분석했습니다. 
  
 트럼프 대통령은 이스라엘의 서안지구 병합에 반대한다고 언급한 바 있지만, 정착 행위를 막기 위한 어떠한 조치도 취하지 않았다고 로이터는 지적했습니다. 
  
 이스라엘 외무부는 엑스에 ""예루살렘 미국 대사관의 영사 서비스 확대라는 역사적인 결정을 환영한다""는 글을 올려 미국의 이번 발표를 반겼습니다. 
  
 이스라엘이 대부분 점령 중인 서안지구와 동예루살렘에는 340만 명 넘는 팔레스타인인과 70만여 명의 이스라엘인이 거주하고 있습니다. 
  
 팔레스타인이 미래 독립 국가 건설을 추진하는 이들 지역에서 이스라엘이 정착촌을 건설하는 데 대해, 국제사회는 '국제법상 불법일 뿐만 아니라 평화의 장애물'이라며 반대하고 있습니다. 
  
 실제로 2023년 10월 가자지구 전쟁 시작 이후 서안지구에서의 정착민 폭력 행위와 이스라엘군 공격이 늘어났다고 AP는 전했습니다. 
  
 그러나 베냐민 네타냐후 총리가 이끄는 이스라엘 우파 정부는 최근 이스라엘인이 서안지구에서 토지를 쉽게 구매하고 등록할 수 있도록 하는 내용의 조치를 발표해 팔레스타인 측으로부터 거센 비난을 받았습니다. 
  
 (사진=게티이미지)
 "
"이란, 미국과 핵협상 앞두고 ""타결 가시권…외교 최우선해야""","

▲ 아바스 아라그치 이란 외무장관

 이란은 미국을 상대로 3차 핵협상을 이틀 앞두고 '역사적 합의'가 가시권에 있다면서 일단은 청신호를 켰습니다. 
  
 아바스 아라그치 이란 외무장관은 24일(현지시간) 엑스(X·옛 트위터)에 올린 글에서 ""우리는 상호 우려를 해소하고 상호 이익을 달성할 수 있는 전례 없는 합의를 이룰 역사적 기회를 맞이했다""며 이 같은 입장을 밝혔습니다. 
  
 그러면서 ""타결이 가까웠으나, 외교가 우선순위에 있을 때만 그렇다""고 강조했습니다. 
  
 이 발언은 도널드 트럼프 미 행정부가 핵협상과 맞물려 중동에 군사력을 집중시키면서 이란을 압박하는 와중에 나온 것입니다. 
  
 아라그치 장관은 이어 ""이란은 어떠한 상황에서도 핵무기를 개발하지 않을 것""이라면서도 ""평화적 핵기술의 혜택을 누릴 권리는 포기하지 않을 것""이라고 덧붙였습니다. 
  
 또 ""주권을 지키기 위해서는 어떠한 것도 마다하지 않을 것""이라고 덧붙였습니다. 
  
 이란 외무부는 23일 ""설령 제한적일지라도 어떠한 공격도 침략 행위로 간주할 것""이라고 경고한 바 있습니다. 
  
 앞서 미국과 이란은 지난해 다섯 차례 핵 협상을 진행했지만 이스라엘이 작년 6월 이란을 전격 공습한 '12일 전쟁' 여파로 중단됐다가 올해 들어 지난 6일 오만에서 재개된 것을 시작으로 17일 스위스까지 두 차례 협상이 진행됐습니다. 
  
 이런 가운데 이란에서는 반정부 학생 시위가 이어지고 있습니다. 
  
 테헤란의 한 대학에서는 새 학기 시작과 함께 나흘째 집회가 열렸습니다. 
  
 온라인에 공개된 영상에는 학생들 간 충돌 장면도 담겼습니다. 
  
 일부 학생들은 1979년 이슬람혁명 이후 채택된 국기를 불태운 것으로 전해졌습니다.
 "
"미국 법원, ""오픈AI가 영업비밀 빼갔다"" 주장한 xAI 소송 기각","

▲  xAI 그록(Grok) 

 일론 머스크의 인공지능(AI) 기업 xAI가 '오픈AI가 영업비밀을 훔쳤다'며 제기한 소송을 미국 법원이 기각했습니다. 
  
 미국 샌프란시스코 소재 연방법원의 리타 린 판사는 xAI가 자신들의 주장을 구체화하지 못했다며 이같이 결정했다고 로이터 통신이 24일(현지시간) 보도했습니다. 
  
 린 판사는 ""xAI는 오픈AI가 자사 출신 직원들에게 영업비밀을 훔치도록 유도했다는 사실이나, 이들 직원이 오픈AI에 고용된 후 훔친 영업비밀을 사용했다는 사실을 구체적으로 주장하지 못했다""고 지적했습니다. 
  
 실제로 xAI의 소장은 오픈AI가 영업비밀을 빼내오도록 요구했다는 주장 등의 근거로 '정보와 믿음'을 들고 있을 뿐, 관련 증거를 제시하거나 이 같은 행위가 언제 어떻게 이뤄졌는지 등 세부적인 내용은 언급하지 않고 있습니다. 
  
 린 판사는 다만 xAI가 근거 자료 등을 보강해 새로 소송을 제기할 수는 있다고 설명했습니다. 
  
 앞서 xAI는 자사 AI 모델 '그록'(Grok) 개발에 참여했던 엔지니어 쉬에천 리를 비롯한 전직 직원들이 오픈AI로 옮기면서 자사 영업 비밀을 빼돌렸다며 지난해 9월 소송을 제기했습니다. 
  
 머스크 xAI 최고경영자(CEO)는 이외에도 오픈AI가 비영리로 운영한다는 약속을 어기고 영리 기업으로 전환했다는 내용의 소송도 제기한 상태입니다. 
  
 (사진=게티이미지)
 "
"중국 누리꾼, ""한국은 문화 도둑국"" ""중국설 훔쳤다"" 주장","

▲ 중국 누리꾼으로 추정되는 이들이 서 교수 SNS에 남긴 댓글과 DM

 중국 누리꾼으로 추정되는 일부 사회관계망서비스(SNS) 이용자들이 ""한국은 문화 도둑국"", ""중국설을 훔쳐 설날을 만들었다""고 주장한 것으로 알려졌습니다. 
  
 서 교수는 오늘(25일) SNS를 통해 ""많은 중국 누리꾼이 댓글과 다이렉트 메시지(DM)로 테러를 자행했다""며 ""근거 없는 글과 욕을 1주일 내내 끊임없이 달았다""고 밝혔습니다. 
  
 그는 최근 SNS를 통해 설을 전후로 전 세계 곳곳에서 잘못 쓰이고 있는 '중국설' 표기를 '음력설' 표기로 바꾸자는 캠페인을 펼친 바 있습니다. 
  
 유엔, 애플, 영국박물관 등에서는 여전히 '중국설' 표기를 유지하고 있습니다. 
  
 서 교수는 지난해 추석 때 잉글랜드 프리미어리그(EPL) 구단 맨체스터 시티가 한국 팬들을 위해 추석 인사 영상을 올렸다가 논란이 된 일화도 언급했습니다. 
  
 당시 이 영상을 두고 중국 일부 언론은 ""중국 전통문화를 훔쳤다""고 비난했고, ""중국 내 여론이 들끓고 있다""고 보도하기도 했습니다. 
  
 서 교수는 ""한국이 중국 문화를 훔쳤다는 억지 주장은 멈추고, 한국 드라마와 영화, 예능 등 다양한 문화 콘텐츠를 훔쳐보지 말아야 한다""며 ""한국 기업의 인기 상품을 짝퉁으로 만들어 더 이상 전 세계에 유통하지 말길 바란다""고 지적했습니다. 
  
 (사진=서경덕 교수 SNS 캡처, 연합뉴스)
 "
"길거리서 무료로…""참된 스승"" 쏟아진 찬사","
  하루가 멀다하고 삭막한 소식이 들려오는 요즘, 이런 사람들이 있어 아직은 살만한 세상 아닌가 싶습니다. 
  
 인도로 가보시죠. 
  
 한 남성이 도심 길거리에서 책을 펴고 아이들에게 공부를 가르치고 있습니다. 
  
 인도의 수도 뉴델리에서 포착된 모습입니다. 
  
 이 남성은 공립학교에서 힌디어를 가르치는 현직 교사인데요. 
  
 정규 수업을 받기 어려운 아이들을 위해 밤마다 무료로 길거리 교실을 열고 있다고 하네요. 
  
 금전적 보상이나 명예를 위해서가 아니라 남성이 오직 아이들을 돕기 위해 함께 시간을 보내는 것으로 알려지면서 현지에선 이 시대 참된 스승의 모습이라는 칭찬이 쏟아지고 있는데요. 
  
 인도는 6살에서 14살 아이들에게 무상 의무교육을 제공하고 있지만, 실제로는 빈곤층이나 낮은 카스트 계급 출신 등으로 학교에서 공부하지 못하는 아이들이 여전히 많은 것으로 알려져 있습니다. 
  
 (화면출처 : 인스타그램 @themojostory, @_anshukumar_0l0)
 "
스키 타다 '화들짝'…설원 가로질러 전력 질주,"
  설원에서 스키를 타는 사람들 앞으로 갑자기 곰 세 마리가 나타납니다. 
  
 하마터면 부딪칠 뻔했는데요. 
  
 미국 캘리포니아주의 한 스키장에서 포착된 모습입니다. 
  
 어미 곰 한 마리와 새끼 곰 두 마리가 나타나 스키 코스를 가로질렀는데, 겨울잠에서 잠시 깨 이동하다 길을 잘못 든 것 같다고 하네요. 
  
 다행히 곰이 공격성을 드러내지 않아 별다른 피해는 없었는데, 곰들도 그 뒤 무사히 숲으로 돌아간 것으로 전해졌습니다. 
  
 (화면출처 : X @209TimesCA) 
    
 "
"노인 도왔더니 ""4,500만 원 배상하라""…논란 터진 장면","
  중국에서 선행을 베푼 여중생들이 되레 거액의 손해배상 소송에 휘말리면서 온라인을 뜨겁게 달구고 있습니다. 
  
 중국 푸젠성의 한 도로에서 자전거를 타고 가던 노인이 중심을 잃고 그대로 넘어집니다. 
  
 마침 전기자전거를 타고 지나던 여중생 2명이 넘어진 노인을 보고 돕기 위해 나서는데요. 
  
 학생들은 노인을 부축하고 자전거를 일으켜 세워줬는데, 그 뒤 노인은 학생들이 탄 전기자전거 때문에 놀라 넘어졌다면서 학생과 보호자들을 상대로 우리 돈 약 4천500만 원의 배상을 요구했습니다. 
  
 마주 오던 흰색 차량을 피해 방향을 바꿨는데 코너길에서 학생들이 탄 전기자전거가 나타나 중심을 잃고 넘어졌다는 게 노인의 주장이었는데요. 
  
 현장 CCTV를 확인한 현지 교통경찰도 학생들에게 2차 책임이 있다고 판단한 것으로 전해졌습니다. 
  
 선의로 나섰다가 법적 분쟁에 휘말린 학생들은 억울함을 호소했는데요. 
  
 사건이 현지 언론과 SNS를 통해 빠르게 확산되며 전국적인 논란으로 번지자, 노인은 심리적 부담을 느껴 뒤늦게 소송을 취하했다고 하네요. 
  
 (화면출처 : 유튜브 @01official)
 "
"유엔총회, 우크라 지지 결의 채택…미·중은 기권","

▲ 유엔총회 우크라 결의안 채택

 유엔총회는 러시아가 우크라이나를 침공한 지 4년이 된 현지 시간 24일, 뉴욕 유엔본부에서 회의를 열고 우크라이나의 지속적인 평화를 지지하는 내용의 결의를 채택했습니다. 
  
 투표에 참여한 유엔 회원국 170개국 가운데 한국을 포함한 107개국이 찬성표를 던졌고, 러시아, 북한, 벨라루스 등 12개국이 반대표를 던졌습니다. 
  
 미국과 중국을 포함한 51개국은 기권했습니다. 
  
 유엔총회 결의는 러시아의 우크라이나 침공이 4년째 지속되면서 우크라이나와 지역·국제 안정에 심각하고 장기적인 결과를 초래하고 있는 것에 우려를 표하면서 우크라이나의 주권과 독립, 영토 보전에 대한 강력한 지지를 재확인하는 내용을 담았습니다. 
  
 우크라이나의 민간 시설 및 민간인, 에너지 기반 시설을 대상으로 한 러시아의 강화된 공격과 인도주의적 상황의 심각한 악화에 깊은 우려를 표하면서 양국에 즉각적이고 무조건적인 휴전을 촉구했습니다. 
  
 유엔총회 결의는 유엔 안전보장이사회(안보리) 결의와 달리 국제법상 구속력은 없지만 다수 유엔 회원국의 의지를 반영했다는 점에서 정치적·외교적인 의미를 지닙니다. 
  
 주유엔 미국대표부의 태미 브루스 부대사는 미국이 기권을 행사한 배경에 대해 전쟁 종식을 위한 외교적 노력을 지원하기보다는 오히려 그 노력을 방해할 가능성이 있는 문구가 포함돼 있다고 설명했다고 AFP통신은 전했습니다. 
  
 안보리도 우크라이나를 의제로 공식회의를 열었지만, 별도 결의안이나 성명 채택은 하지 않았습니다. 
  
 안보리는 의사결정 구조상 상임이사국인 러시아가 거부권을 보유하고 있어 우크라이나 전쟁과 관련해 행동을 취하지 못한다는 국제사회의 지적을 받아왔습니다. 
  
 브루스 주유엔 미국 부대사는 안보리 발언에서 ""트럼프 대통령의 리더십 아래 미국은 협상을 통한 지속 가능한 전쟁 종식을 위해 계속해서 노력하고 있다""며 ""군사력으로는 결코 이 분쟁을 해결할 수 없으며, 오직 양측이 합의하는 외교적 해결책만이 끝낼 수 있다""라고 말했습니다. 
  
 이어 북한, 이란, 쿠바 등 제3국이 러시아를 지원하는 게 전쟁을 지속 가능하게 만들고 있다며 러시아에 대한 모든 지원 중단을 촉구했습니다. 
  
 안토니우 구테흐스 유엔 사무총장은 이날 안보리 회의에서 로즈메리 디카를로 유엔 사무차장이 대독한 성명에서 우크라이나 전쟁이 ""우리 공동의 양심에 남은 얼룩""이라고 말하며 즉각적인 휴전을 촉구했습니다. 
  
 구테흐스 총장은 러시아의 우크라이나 침공에 대해 ""우리는 이 명백한 국제법 위반이 초래한 연쇄적 결과를 목격해 왔다""며 ""지금은 즉각적이고 완전하며 무조건적인 휴전을 실현할 때""라고 강조했습니다. 
  
 (사진=연합뉴스)
 "
"오늘 국정연설…""백악관, 관세 15%로 인상 작업 중""","
  <앵커> 
  
 트럼프 미국 대통령이 오늘(25일) 오전 집권 2기 첫 국정연설에 나섭니다. 관세를 포함한 경제 분야에 초점이 맞춰질 걸로 보이고, 어제부터 적용되고 있는 10%의 글로벌 관세를 15%로 마저 올리는 실무 작업도 곧 마무리될 걸로 보입니다. 
  
 워싱턴에서 이한석 특파원이 보도합니다. 
  
 <기자> 
  
 트럼프 미 대통령은 한국시간 오늘 오전 11시 연방 상하원 의원들이 참석하는 의회 합동 회의에서 국정연설을 진행합니다. 
  
 지난해 의회 합동 연설은 100분 가까이 진행됐는데 집권 2기 첫 국정연설인만큼 오늘도 상당히 길어질 걸로 예상됩니다. 
  
 [도널드 트럼프/미국 대통령 (어제) : 여러분은 잘 듣게 될 것입니다. 꽤 긴 연설이 될 겁니다.] 
  
 경제 정책에 초점이 맞춰질 걸로 보입니다. 
  
 연방대법원이 상호관세 부과가 위법하다고 판결한 뒤 열리는 국정연설이라는 점에서 트럼프는 우선 대법원 판결에 대한 강한 불만을 토로할 걸로 예상됩니다. 
  
 이어 무역법 122조에 근거한 대체 관세를 부과하는 등 후속 조치를 설명하고 트럼프 행정부가 흔들림 없이 관세 정책을 계속 이어나갈 거라는 점을 강조할 걸로 보입니다. 
  
 이와 관련해 로이터 통신은 백악관이 새 글로벌 관세를 현재 10%에서 15%로 인상하는 실무작업을 진행하고 있다고 당국자의 발언을 인용해 보도했습니다. 
  
 강경화 주미대사는 관세 현안과 관련해 국익에 가장 부합하는 방법으로 대응해 나가겠다고 밝혔습니다. 
  
 [강경화/주미대사 : 우리 대사관은 트럼프 행정부의 후속 조치 동향을 면밀히 파악하는 한편 대미 협의가 우호적 분위에서 진행될 수 있도록 지원해 나갈 것입니다.] 
  
 트럼프는 이와 함께 경제성과를 대대적으로 홍보하고 물가 안정을 위한 새로운 조치들을 발표할 전망입니다. 
  
 외교 안보 분야에선 힘을 통한 평화 전략을 제시할 걸로 보이는데 핵협상 진행 중인 이란에 대한 공습 가능성을 언급할지 주목됩니다. 
  
 (영상취재 : 박은하)
 "
FBI국장이 왜 거기서 나와…미 하키팀 금메달 뒤풀이 참석 구설,"

▲ 남자 아이스하키 우승 차지한 미국 대표팀

 미국의 최고 수사기관인 연방수사국(FBI) 수장이 밀라노·코르티나담페초 동계올림픽 때 미국 남자 아이스하키팀의 우승 현장을 찾아 구설에 올랐습니다. 
  
 캐시 파텔 FBI 국장이 지난 22일(현지시간) 이탈리아 밀라노에서 열린 동계올림픽 남자 아이스하키 결승전에서 캐나다에 승리한 미국 대표 선수들이 라커룸에서 벌인 파티에 동참한 모습을 담은 동영상이 공개되면서 적절성 논란이 제기된 것입니다. 
  
 영상 속에서 파텔 국장은 맥주병 '병나발'을 불고, 함성을 지르는가 하면, 한 선수의 금메달을 목에 걸기도 했습니다. 
  
 특히 22일은 도널드 트럼프 미국 대통령의 사저가 있는 플로리다주 마러라고 보안구역에 총을 소지한 20대 남성이 들어왔다가 비밀경호국 요원 등의 총격을 받고 사망한 사건이 발생한 날입니다. 
  
 FBI 측은 유럽 측 당국자들과의 협의를 위해 파텔 국장이 유럽을 찾은 것이라고 해명했지만 파텔이 이전에도 FBI의 관용 항공기를 사적 용도로 사용한 일로 물의를 빚었다는 점에서 비판의 시선이 제기되고 있습니다. 
  
 제이슨 크로우 연방 하원의원(민주·콜로라도)은 엑스(X·옛 트위터)에 올린 글에서 ""납세자들의 달러가 FBI 국장의 이탈리아 휴가를 지원하고 있다""고 비판했습니다. 
  
 반면, 파텔 국장을 지지하는 사람들 사이에서는 파텔의 행동이 '애국적'이었다는 평가와 함께, 동계올림픽의 최고 인기 종목인 남자 아이스하키에서 46년 만에 미국에 금메달을 안긴 대표팀에 '선의에 입각한 응원'을 한 것이라는 반응이 나온다고 AP통신은 전했습니다. 
  
 (사진=AP, 연합뉴스)
 "
"""미국, 은행에 고객 시민권정보 수집 요구 검토…이민단속 일환""","

▲ 미국 재무부

 미국 도널드 트럼프 행정부가 불법이민 단속 차원에서 은행에 고객의 시민권 정보를 수집하도록 요구하는 행정명령 또는 기타 조처를 검토하고 있다고 월스트리트저널(WSJ)이 현지시간 24일, 보도했습니다. 
  
 보도에 따르면 미국 내 불법으로 체류 중인 이민자 단속의 일환이라고 이 사안을 잘 아는 관계자들이 전했습니다. 
  
 이 조처는 궁극적으로 은행들이 미국 내 계좌를 유지하길 원하는 신규 및 기존 고객 모두에게 여권 등 전례 없이 새로운 유형의 서류를 요구하도록 할 수 있습니다. 
  
 일부 관계자들은 이 행정명령에 대한 검토는 은행들을 불안하게 하고 있다고 전합니다. 
  
 현재 미국 은행들은 자금 세탁이나 범죄 단속을 위해 '고객 확인'(KYC·Know Your Customer) 제도에 따라 고객으로부터 특정 정보를 요구해야합니다. 
  
 하지만, 이 제도에는 시민권 정보 수집은 명시적으로 포함되지 않으면서 미국 비시민권자의 미국 내 계좌 개설을 금지하지도 않습니다. 
  
 백악관의 한 관계자는 재무부에서 해당 조처를 논의하고 있으며, 아직 승인되지 않았다고 전했습니다.
 "
보석 도둑맞은 루브르 박물관장 끝내 사임…마크롱 수락,"

▲ 지난 12월 발생한 루브르 박물관 왕실 보물 도난 사건

 지난해 10월, 보석 절도 사건이 발생한 프랑스 파리 루브르 박물관 관장이 퇴진 압박 끝에 현지시간 24일, 사임했습니다. 
  
 일간 르몽드에 따르면 로랑스 데카르 박물관장은 이날 에마뉘엘 마크롱 대통령에게 사직서를 제출했습니다. 
  
 마크롱 대통령은 ""책임감 있는 행동""이라고 평가하며 데카르 관장의 사임을 수락했습니다. 
  
 엘리제궁은 ""박물관에는 새로운 동력이 필요하며, 이는 보안 강화, 현대화, '루브르-르네상스' 프로젝트를 성공적으로 수행하기 위함""이라고 평가했습니다. 
  
 루브르-르네상스는 지난해 마크롱 대통령이 직접 발표한 루브르 박물관의 전면 보수·복원 프로젝트입니다. 
  
 데카르 관장은 마크롱 대통령이 직접 임명한 최초의 여성 루브르 박물관장으로 2021년 9월부터 직을 맡아왔습니다. 
  
 하지만 지난해 10월19일, 절도범들이 루브르 박물관의 아폴론 갤러리에 침입해 왕실 보물 8점을 훔쳐 달아난 일을 계기로 박물관의 허술한 보안 체계가 만천하에 드러나면서 거취 압박을 받아 왔습니다. 
  
 사건 직후 데카르 관장은 문화부 장관을 통해 엘리제궁에 사직서를 제출했지만 당시 마크롱 대통령은 이를 반려했습니다. 
  
 마크롱 대통령은 자신이 임명한 데카르 관장에게 여러 차례 전화를 걸어 ""견디시라. 박물관 개보수 추진 동력을 꺾을 수 없다""고 다독인 것으로 전해졌습니다. 
  
 이후 이어진 박물관 누수, 직원들의 연쇄 파업, 직원이 연루된 티켓 사기 사건까지 발생하면서 더이상 직을 유지하기가 어려운 상황에 놓였습니다. 
  
 내달 예정된 지방선거를 앞두고 파리 시장 선거에 출마한 라시다 다티 문화 장관의 선거 운동에 걸림돌이 된다는 지적까지 나왔습니다. 
  
 루브르 박물관 보안 조사 위원회를 이끈 공화당 소속 알렉상드르 포르티에 의원은 르몽드에 ""조종사를 바꾸더라도 조종 방식을 바꾸지 않으면 소용없다""며 ""체계적 결함에는 체계적 대응이 필요하다. 소프트웨어를 바꿔야 한다""고 지적했습니다.
 "
"러 매체 ""한국학자 란코프 국민대 교수, 라트비아서 체포""","

▲ 안드레이 란코프 교수

 러시아 출신 한국학자인 안드레이 란코프 국민대 교수가 라트비아에서 체포됐다고 현지시간 24일, 러시아 매체 RBC가 보도했습니다. 
  
 RBC는 란코프 교수가 인터뷰를 통해 자신이 라트비아에서 체포됐으며 라트비아 당국의 블랙리스트에 올라 있다는 사실을 확인했다고 전했습니다. 
  
 RBC는 라트비아 매체 델피를 인용해 란코프 교수가 라트비아 리가에서 강연하던 중 경찰에 체포됐다고 설명했습니다. 
  
 북한 전문가인 란코프 교수는 리가에서 '북한-권력층이 원하는 것과 두려워하는 것'이라는 제목의 북한 관련 강연을 준비하던 것으로 알려졌습니다. 
  
 강연 주최 측은 란코프 교수가 체포돼 이민 당국으로 이송되고 있으며, 안전한 상태로 변호사를 기다리고 있다고 설명했습니다. 
  
 RBC는 란코프 교수의 체포 및 구금 사유에 대해서는 전하지 않았습니다. 
  
 (사진=연합뉴스)
 "
"미국 유명앵커, 모친 실종 3주 만에 현상금 14억 내걸며 호소","

▲ 미국 앵커 모친 실종

 미국 유명 앵커의 모친이 실종된 지 24일이 지난 가운데 실종자 가족들이 현상금으로 14억 원을 내걸었습니다. 
  
 서배나 거스리 NBC방송 '투데이' 앵커는 현지시간 24일, 자신의 인스타그램에 올린 4분 길이의 영상을 통해 어머니 낸시 거스리(84)를 찾게 해준다면 최대 100만 달러(약 14억 4천만 원)의 현상금을 지급하겠다고 밝혔습니다. 
  
 이 현상금은 범인의 체포·기소 여부와 무관하게 어머니를 찾기만 하면 지급할 예정입니다. 
  
 서배나는 ""그녀가 이미 세상을 떠나셨을지도 모른다""면서도 ""우리는 아직도 기적을 믿는다. 
  
 우리는 여전히 어머니가 집에 돌아올 수 있다고 믿는다""고 애타는 마음을 전했습니다. 
  
 NBC 방송 등에 따르면 가족들의 현상금과 별도로 연방수사국(FBI)도 실종자를 찾게 해주거나 관련자 체포에 필요한 정보를 줄 경우 10만 달러를 지급할 예정입니다. 
  
 낸시는 지난달 31일 가족들과 식사 후 애리조나주 투손 자택으로 돌아갔지만, 다음날 행방이 묘연해졌습니다. 
  
 당시 복면을 쓴 괴한이 낸시의 자택 현관에 접근하는 모습이 카메라에 담겼고, 현관에서 혈흔까지 발견되면서 납치에 무게가 실렸습니다. 
  
 유명 앵커의 가족이 실종된 데다가 도널드 트럼프 대통령까지 이 납치 사건을 언급하면서 수사당국이 조사에 박차를 가했지만 3주가 넘도록 낸시의 행방을 찾지 못했습니다. 
  
 지난 10일에는 실종 사건 용의자 한 명을 붙잡았지만, 혐의점을 찾지 못해 석방한 바 있습니다. 
    
 "
"푸틴 ""적들이 러시아 패배 위해 모든 방법 찾아…후회할 것""","

▲ 블라디미르 푸틴 러시아 대통령

 블라디미르 푸틴 러시아 대통령은 러시아의 패배를 원하는 진영이 가능한 모든 방법을 동원하겠지만 결국 후회할 것이라고 현지시간 24일 경고했습니다. 
  
 우크라이나 '특별군사작전' 개시 4주년을 맞아 러시아가 패배하지 않을 것이라고 강조한 셈입니다. 
  
 타스, 리아노보스티 통신에 따르면 푸틴 대통령은 러시아 연방보안국(FSB) 간부회의 연설에서 ""그들은 러시아에 전략적 패배를 가할 수 없다. 
  
 그렇게 되지 않지만 그들은 그것을 너무 원한다""며 이같이 주장했습니다. 
  
 푸틴 대통령은 ""적들이 러시아의 패배를 위해 가능한 모든 방법을 찾고 있다""면서 ""그들은 자신을 극단으로 몰아붙인 다음 후회할 것""이라고 밝혔습니다. 
  
 영국과 프랑스가 우크라이나에 핵무기를 이전하려고 한다는 러시아 대외정보국(SVR) 발표에 대해 ""현재로서는 적은 다른 수단을 쓰기를 선호한다""고 말했습니다. 
  
 또 ""그들은 핵무기를 사용하면 상황이 어떻게 끝날지 아마 이해하고 있을 것""이라며 파괴적 결과를 경고했습니다. 
  
 푸틴 대통령은 ""적은 전장에서 러시아에 전략적 패배를 가하는 데 실패했기 때문에 테러에 의존한다""고 지적했습니다. 
  
 그러면서 시내 폭발 사건, 인프라 파괴공작, 정부·군 간부에 대한 암살 시도가 그 예라고 덧붙였습니다. 
  
 이어 FSB가 더욱 집중적으로 일해야 한다며 ""우선 테러와의 싸움을 강화해야 한다""고 주문했습니다. 
  
 (사진=AP, 연합뉴스)
 "
"브라질 남동부 폭우 강타…""사망·실종자 60여 명""","

▲ 24일(현지시간) 폭우로 인한 산사태 피해 지역 실종자 수색 현장

 브라질 남동부 지역을 강타한 폭우와 홍수로 인명·재산 피해가 잇따르고 있습니다. 
  
 브라질 미나스제라이스 주정부는 현지시간 24일, 엑스(X·옛 트위터)와 페이스북 등 소셜미디어에 올린 게시물에서 ""당국은 오늘 주내 곳곳에서 보고된 폭우로 인해 강이 범람하고 산사태가 발생한 것에 대응하기 위해 노력하고 있다""라며 위험 지역 주민들에게 안전한 곳으로 대피하라고 강하게 권고했습니다. 
  
 G1과 CNN브라질 등 현지 언론 보도를 보면 피해는 주이스지포라와 우바 지역에 집중됐습니다. 
  
 주택 붕괴와 가옥·도로·건물 침수로 지금까지 23명이 숨지고 최소 45명이 실종된 것으로 당국은 파악했다고 G1은 전했습니다. 
  
 우바 지역에서는 주택이 흙더미에 깔리거나 상가가 붕괴하기도 한 것으로 나타났습니다. 
  
 현지 당국에서 주이스지포라 등지를 재난 지역으로 선포한 가운데 각급 학교에는 휴교령이 내려졌습니다. 
  
 현지 소셜미디어에는 범람한 강물로 진흙탕처럼 변한 도심 모습을 담은 사진과 동영상이 올라왔습니다. 
  
 인구 50만명가량의 주이스지포라에서 기상당국은 이달에만 584㎜의 누적 강우량을 기록했다고 밝혔습니다. 
  
 이는 월 평균치의 2배를 넘는 수치로, 도시에서 가장 많은 강우량이 측정된 사례입니다. 
  
 (사진=AFP, 연합뉴스)
 "
"월드컵 '한국 경기' 도시, 치안 악화에 멕시코 대통령 ""안전 보장""","

▲ 클라우디아 셰인바움 멕시코 대통령

 클라우디아 셰인바움 멕시코 대통령이 최악의 마약 밀매 카르텔 두목 제거 작전을 전후로 불거진 할리스코주(州) 치안 악화 문제를 해결하기 위해 노력하겠다고 현지시간 24일 밝혔습니다. 
  
 멕시코 대통령은 아침 정례 기자회견에서 할리스코 신세대 카르텔(CJNG) 우두머리인 엘 멘초 사살 이후 과달라하라를 비롯해 할리스코주 곳곳에서 갱단원의 반발을 제압하기 위해 안간힘을 쓰고 있다면서 ""오는 6월 월드컵 경기를 치를 수 있도록 완전한 안전을 보장할 것""이라고 말했습니다. 
  
 멕시코는 6∼7월 미국·캐나다와 함께 북중미 월드컵을 개최합니다. 
  
 경기장은 멕시코시티, 과달라하라(할리스코주), 몬테레이(누에보레온주) 등지에 분포하고 있습니다. 
  
 특히 과달라하라에서는 멕시코와 같은 조(A조)에 편성된 한국 대표팀이 1·2차전을 치릅니다. 
  
 홍명보호의 베이스캠프 역시 과달라하라에 차려질 예정입니다. 
  
 3차전 경기장은 몬테레이에 있습니다. 
  
 주멕시코 한국대사관은 과달라하라와 몬테레이에 우리 국민들이 대거 몰릴 것으로 보고 안전 확보 대책에 나선 상태입니다. 
  
 대사관에는 이상희 대사대리를 단장으로 하는 월드컵 대응 태스크포스가 이미 꾸려졌습니다. 
  
 셰인바움 대통령은 ""과달라하라에서 열리는 경기를 관람하기 위해 방문하는 축구 팬들에게 아무런 위험도 없다""라고 강조했습니다. 
  
 멕시코 정상은 또 이날 회견에서 자신을 '카르텔 꼭두각시'처럼 묘사한 일론 머스크 테슬라 최고경영자(CEO)에 대한 법적 조처 가능성을 내비쳤습니다. 
  
 앞서 머스크는 '마약과의 전쟁으로 돌아가는 것은 선택지가 아니다'라는 취지의 57초 분량 셰인바움 발언 동영상 엑스(X·옛 트위터) 게시물에 ""그는 단지 카르텔 보스가 시키는 대로 말하는 것뿐이며, '성과 개선 계획' 보다 그들(카르텔)에 불복종해 받게 될 처벌이 더 가혹하다는 점만 말해 두자""라는 댓글을 달았습니다. 
  
 (사진=AP, 연합뉴스)
 "
"백악관 당국자 ""글로벌 관세, 15%로 올리는 작업 진행중""","

▲ 도널드 트럼프 미국 대통령

 미국 도널드 트럼프 행정부는 대법원 판결로 무효화한 '상호관세'를 대체할 새 글로벌 관세를 현재의 10%에서 15%로 인상하는 실무작업을 진행하고 있다고 백악관 당국자가 현지시간 24일 밝혔습니다. 
  
 로이터 통신에 따르면 이 당국자는 글로벌 관세를 15%로 올린다는 트럼프 대통령의 기조에 변화는 없다면서 이같이 밝혔습니다. 
  
 다만 이 당국자는 언제 15%로 올리는지 등에 대한 구체적인 사항은 언급하지 않았다고 로이터는 전했습니다. 
  
 트럼프 대통령이 지난 20일 서명·발표한 포고문에 적시된 대로 미 동부시간으로 이날 새벽 0시 1분(한국시간 24일 오후 2시 1분)을 기해 '예외품목'을 제외한 전세계의 대미 수출품에 10%의 새 관세가 적용되기 시작했습니다. 
  
 트럼프 대통령은 10%의 글로벌 관세 포고문을 발표한 다음 날인 지난 21일 세율을 15%로 인상한다고 사회관계망서비스(SNS)를 통해 밝혔지만 언제부터 인상할지 등은 공개하지 않았습니다. 
  
 새로 도입된 글로벌 관세 세율의 경우 일단 10%가 적용되고, 조만간 포고령 발표 등 절차를 거쳐 15%로 올라갈 것으로 예상됩니다. 
  
 앞서 미 대법원이 지난 20일 국제비상경제권한법(IEEPA)에 의한 상호관세(국가별 차등 세율 관세)와 '펜타닐 관세'(마약류인 펜타닐의 대미유입 저지에 대한 협력 부족을 이유로 중국·멕시코·캐나다에 부과한 관세)를 부과 및 징수할 권한이 대통령에게 주어지지 않았다고 판단하며 상호관세와 펜타닐 관세 등을 무효화했습니다.
 "
"백악관 ""트럼프 첫 옵션은 외교…필요하면 이란 공격""","

▲ 캐롤라인 레빗 미국 백악관 대변인

 캐롤라인 레빗 백악관 대변인은 현지시간 24일, 도널드 트럼프 미국 대통령의 이란 군사공격 가능성과 관련해 대화로 문제를 해결하는 것을 우선 고려하지만 필요하다면 군사 작전을 결단할 수도 있다고 밝혔다. 
  
 레빗 대변인은 이날 백악관에서 취재진과 만나 ""트럼프 대통령의 첫 번째 옵션은 항상 외교""라면서도 ""필요하다면 그는 미군의 치명적 무력을 사용하는 것을 마다하지 않는다""고 말했습니다. 
  
 이어 ""따라서 최종 결정권자는 항상 대통령""이라며 ""나는 전날 완전히 사실과 다른 선정적 보도를 많이 봤는데 익명의 출처 뒤에 숨어서 트럼프 대통령이 무슨 생각을 하는지, 이란에 대한 것과 관련해 그가 어떤 결정을 내릴 것인지를 아는 척하며 추측하는 사람들은 자신들이 무슨 말을 하는지 전혀 모른다""고 덧붙였습니다. 
  
 레빗 대변인은 트럼프 대통령이 이날 밤 연방 의회 의사당에서 하는 집권 2기 첫 국정연설(State of the Union address)에서 지난해 6월 이란 핵시설을 기습 타격한 '한밤의 망치 작전'(Operation Midnight Hammer) 등 미군이 1년간 해외에서 이룬 성과를 밝힐 것이라고 전했습니다. 
  
 그러면서 ""대통령은 자랑스럽고 당당하게 미군이 세계에서 가장 강력하고 치명적인 군대라고 말할 것""이라며 ""해외에 남은 위협에 대해서도 언급하겠지만, 미국이 세계에서 가장 안전한 나라일 뿐 아니라 가장 강력한 국가로 남기 위해 무엇을 하는지에 대해서도 말할 것으로 보인다""라고 예고했습니다. 
  
 레빗 대변인은 또 트럼프 대통령이 국정연설에서 ""지난 한 해 행정부의 성과를 내세울 것이며, 노동자를 위해 미국을 더 여유롭고 번영하며 안전하게 만들고, 아메리칸드림을 더 실현할 수 있게 만들 매우 야심 찬 계획을 제시할 것""이라고 밝혔습니다. 
  
 (사진=AP, 연합뉴스)
 "
"스위스, 베네수 마두로 측근 등 자산 1조3천억 동결","

▲ 니콜라스 마두로 전 베네수엘라 대통령

 스위스 정부가 미국에 잡혀간 니콜라스 마두로 전 베네수엘라 대통령 주변 인사들의 자산 6억 8천700만 스위스프랑(1조 2천800억 원)을 동결 중이라고 23일(현지시간) 밝혔습니다. 
  
 AFP통신 등에 따르면 스위스 외무부는 이날 기준 자국 금융중개기관에 묶인 마두로 관련 자산을 이같이 집계했으나 누구 자산이 얼마씩인지는 공개하지 않았습니다. 
  
 이 가운데 2억 3천900만 스위스프랑(4천460억 원)은 지난달 5일 스위스 정부가 제재 대상을 확대한 이후 동결된 자금입니다. 
  
 스위스 정부는 지난달 마두로 전 대통령이 마약 밀매에 연루된 혐의 등으로 미국에 체포·압송되자 마두로 부부와 자녀, 전직 관료와 국영 석유회사 임원 등 37명의 스위스 내 자산을 동결한다고 발표했습니다. 
  
 스위스 정부는 불법 자금이 확인될 경우 베네수엘라 국민에게 돌려주겠다며 마두로 축출 이후 델시 로드리게스 임시대통령이 이끄는 현 정부 인사들은 제재 대상이 아니라고 강조했습니다. 
  
 스위스는 반정부 시위 탄압 등을 이유로 2018년 베네수엘라에 무기 수출을 금지하고 행정·사법부 인사 25명을 자산동결·입국금지 등으로 제재한 바 있습니다. 
    
 "
"""미국의 이란 공격, 일주일 넘게 지속 못할 것""","
  이스라엘은 미국이 이란에 대한 군사행동에 돌입하더라도 일주일 이상 지속하는 것이 불가능하다고 본다고 영국 일간 파이낸셜타임스(FT)가 현지시간 24일 보도했습니다. 
  
 이스라엘 정보당국 관계자는 미군 제럴드 R.포드 항공모함 전단이 가세하더라도 미군의 전력이 이란을 상대로 4∼5일간 집중적인 공습을 벌이거나, 1주일 정도 저강도 공세에 그칠 것이라고 평가했습니다. 
  
 미 해군은 최근 중동에 에이브러햄 링컨함이 이끄는 제3항모강습단에 이어 포드함이 기함인 제12항모강습단을 추가로 전개했습니다. 
  
 전날부터 그리스 남부 지중해의 크레타섬에 포드함이 정박한 모습이 여러 언론에 포착됐습니다. 
  
 또 지난 며칠간 최첨단 스텔스 전투기인 F-35를 비롯해 F-22, F-15, F-16 등 주력 전투기 편대가 배치되며 2003년 이라크 침공 이후 최대 규모로 미 공군력이 중동에 집결했다는 평가가 나왔습니다. 
  
 하지만 미국의 맹방 이스라엘은 이마저도 이란을 상대로 장기전을 벌이기에는 부족하다고 본다는 것입니다. 
  
 이와 관련, 지난주 도널드 트럼프 미국 대통령은 최근 댄 케인 미군 합참의장으로부터 대이란 작전 수행 시 미군 사상자 발생 위험이 크고 무기 비축량에 부정적 영향이 미칠 것이라는 보고를 받았다고 미국 일간 뉴욕타임스(NYT)가 보도했습니다. 
  
 미국 CBS 방송도 이란의 주요 자산에 대한 공격으로 결정적인 타격을 가하기 어려울 것이라는 보고가 있었다며 ""트럼프 대통령이 이란에 대한 군사적 영향력의 한계에 점점 더 좌절감을 느끼고 있다""고 보도했습니다. 
    
 "
"""다카이치 측, 총선 당선자들에 수십만원 선물 배포""","

▲ 다카이치 사나에 일본 총리 

 다카이치 사나에 일본 총리 측이 이달 8일 중의원 선거(총선)에서 당선된 집권 자민당 의원들에게 수만 엔(수십만원) 상당의 축하 선물을 나눠줬다고 교도통신과 주간지 슈칸분분분이 보도했습니다. 
  
 보도에 따르면 다카이치 총리 사무소 관계자는 자민당 의원 사무소를 각각 방문해 축하 명목으로 수만 엔 상당의 '카탈로그 기프트'를 배포했습니다. 
  
 카탈로그 기프트는 책자 형태 상품 목록으로, 받은 사람이 원하는 선물을 골라 수령할 수 있습니다. 
  
 초선 의원은 물론 재선 의원 일부도 다카이치 총리 사무소 측의 카탈로그 기프트를 받은 것으로 알려졌습니다. 
  
 슈칸분분분은 오늘 저녁까지 최소 4명의 중의원(하원) 의원이나 의원 사무소 관계자가 선물 수령을 인정했다고 전했습니다. 
  
 이 매체는 다카이치 총리 사무소에 관련 사안을 질의했으나, 답변이 없었다고 덧붙였습니다. 
  
 자민당은 2023년 파벌 중심의 이른바 '비자금 스캔들'로 홍역을 치렀고, 이시바 시게루 전 총리도 작년 3월 중의원 초선 의원들에게 1인당 10만엔(약 93만원) 상당의 상품권을 배포했다가 비판에 직면했습니다. 
  
 여기에 다카이치 총리까지도 정치자금 문제에 휘말릴 가능성이 커지면서 자민당 내부에서는 불만의 목소리가 나온다고 교도통신이 전했습니다. 
  
 자민당 의원 중 한 명은 ""사무소에 논의 없이 (카탈로그 기프트가) 와 있었다""며 ""이것은 폭탄이 될 것""이라고 교도통신에 말했습니다. 
  
 교도통신은 ""(자민당의) 정치자금 문제로 국민의 불신이 강한 상황에서 야당은 반드시 비판할 것""이라며 이 사안이 2026회계연도(2026년 4월∼2027년 3월)예산안 심의에도 영향을 줄 가능성이 있다고 해설했습니다. 
  
 이어 ""정치자금규정법은 개인이 정치가의 정치 활동과 관련해 기부해서는 안 된다고 규정하고 있어서 다카이치 총리가 (선물) 배포 취지를 어떻게 설명할 것인지가 초점이 될 수 있다""고 지적했습니다. 
  
 이시바 전 총리는 지난해 배포한 상품권에 대해 의원과 가족을 치하하려는 취지였기 때문에 법에 저촉되지 않는다고 주장했지만, 관련 보도 직후 내각 지지율이 급락했습니다. 
  
 다카이치 총리는 지난 총선에서 자민당 압승을 이끌었고 60∼70%대의 높은 지지율을 유지하고 있지만 이번 사안에 대한 부정적 여론이 확산할 경우 타격이 불가피할 것으로 전망됩
 "
"이란 ""학생들 시위 권리 있지만 레드라인 넘으면 안 돼""","

▲ 이란 대학생 시위

 이란 대학가에서 최근 반정부시위가 재점화하는 조짐을 보이자 당국이 경고하고 나섰습니다. 
  
 현지시간 24일, 국영 IRNA 통신에 따르면 파테메 모하제라니 이란 정부 대변인은 브리핑에서 ""학생들은 시위할 권리를 가진 청년 세대""라면서도 ""분노로 가득 찬 순간이라도 '레드라인'을 넘어서는 안 된다""라고 지적했습니다. 
  
 모하제라니 대변인은 ""과학 연구가 중단돼서도 안 되고 시위대의 목소리가 묵살돼서도 안 될 것""이라며 대화를 통해 시위가 발생한 대학들의 학사일정이 재개돼야 한다고 말했습니다. 
  
 또 반정부시위가 최고조에 달했던 지난달 초중순 당국이 강경 진압하며 다수의 사상자가 나왔던 일을 거론하며 ""이 사건으로 인한 사회적 상처는 여전하다""고 언급했습니다. 
  
 모하제라니 대변인은 정부가 수석부통령이 이끄는 진상조사위원회를 꾸려 사태의 근본적인 원인을 파악하기 위해 노력하고 있으며 구금자 석방 등 후속 조치를 논의하고 있다고 덧붙였습니다. 
  
 시위가 발생한 샤리프 공과대학의 마수드 타즈리시 총장은 이날 성명을 내고 ""지난 며칠간 대학 내에서 벌어진 충돌과 관련, 일부 시위대의 도발적인 행동 때문에 언어적, 신체적 폭력이 발생해 유감스럽다""고 말했습니다. 
  
 이어 ""일부 개인의 행동 때문에 심각한 위험이 발생할 수 있다는 우려가 제기된다""며 ""여러분 모두 불법 집회를 피하고 학업에 전념해주기를 바란다""고 촉구했습니다. 
  
 이란 새 학기 첫날인 지난 21일부터 이란 수도 테헤란의 샤리프공대를 비롯한 주요 대학교 캠퍼스에서 집회와 행진, 연좌농성 등 반정부시위가 약 한 달 만에 다시 시작됐습니다. 
  
 이란 당국은 지난달 반정부 시위 관련 사망자가 3천117명이라고 공식 집계한 바 있습니다.
 "
"독일 총리, 미국에 '무역 바주카포' 엄포 놓고 중국행","

▲ 프리드리히 메르츠 독일 총리

 프리드리히 메르츠 독일 총리가 유럽과 미국 사이 통상분쟁에서 보복관세는 물론 서비스와 외국인 직접투자 등을 제재하는 초강경 조치를 배제하지 않는다고 밝혔습니다. 
  
 메르츠 총리는 현지시간 23일, dpa통신 주최 콘퍼런스에서 유럽연합(EU)의 통상위협대응조치(ACI)를 언급하며 ""이 수단을 쓰지 않고 무역 분쟁을 끝낼 방법을 찾을 수 있다고 믿는다. 
  
 하지만 필요하다면 어쩔 수 없고 내가 끝까지 반대하지는 않을 것""이라고 말했습니다. 
  
 ACI는 EU나 회원국을 경제적으로 위협하는 제3국에 보복관세를 부과하고 서비스, 외국인 직접투자, 공공조달 등 무역을 제한하는 조치입니다. 
  
 금융시장 접근 차단과 지식재산권 분야 제재도 가능합니다. 
  
 EU는 2023년 이 제도를 법으로 만들고 '무역 바주카포'로 부르고 있으나 발동한 적은 한번도 없습니다. 
  
 지난달 도널드 트럼프 미국 대통령이 덴마크령 그린란드 군사훈련에 병력을 보낸 유럽 8개국에 추가관세를 예고하자 유럽 일각에서 논의된 바 있습니다. 
  
 당시 에마뉘엘 마크롱 프랑스 대통령이 ACI 발동을 요구하며 강경파를 주도했습니다. 
  
 반면 메르츠 총리는 독일의 이익을 지키겠다면서도 갈등 고조는 피하고 싶다며 ACI 발동을 사실상 배제했었습니다. 
  
 시행할 경우 대서양 무역관계가 사실상 파탄나는 만큼 유럽 관료들 사이에서는 제도 존재만으로 공세 차단 효과를 내는 일종의 '경제 핵무기'라는 인식이 있는 것으로 전해집니다. 
  
 메르츠 총리의 발언은 트럼프 대통령이 일명 상호관세가 위법하다는 미국 연방대법원 판결에 글로벌 관세를 새로 도입해 무역 불확실성이 다시 커지는 가운데 나왔습니다. 
  
 메르츠 총리는 24일부터 내달 초까지 세계 경제 양대 축이자 EU와 통상갈등 중인 중국과 미국을 차례로 방문합니다. 
  
 독일 재계에서는 미국도 중국도 신뢰하기 어렵다며 EU가 호주·캐나다·일본 등 환태평양경제동반자협정(CPTPP) 가입국들과 무역 블록을 따로 만들어 북대서양조약기구(NATO·나토) 집단방위처럼 관세 공격에 공동 대응하자는 주장까지 제기됐습니다. 
  
 (사진=AP, 연합뉴스) 
    
 "
"'트럼프 평화위', 가자지구에 스테이블코인 도입 모색","

▲ 도널드 트럼프 미국 대통령

 도널드 트럼프 미국 행정부 주도의 '평화위원회'가 전쟁으로 붕괴한 가자지구 경제를 재건하기 위해 가상화폐 '스테이블코인' 도입을 모색하고 있다고 파이낸셜타임스(FT)가 현지시간 24일 보도했습니다. 
  
 보도에 따르면 트럼프 행정부는 이스라엘과 하마스 간의 2년여에 걸친 전쟁으로 경제가 무너지고 전통적 은행 시스템이 훼손된 가자지구에 대한 계획으로 이 아이디어를 꾸준히 논의해 왔습니다. 
  
 한 관계자는 ""가자지구 주민들이 디지털 방식으로 결제할 수 있는 수단을 마련하려는 것""이라며 ""해당 스테이블코인은 미국 달러화에 연동될 것""이라고 설명했습니다. 
  
 익명성이 보장되면서도 추적이 가능한 스테이블코인의 특성을 활용해 가자지구의 현금을 마르게 함으로써 하마스의 자금 창출을 막으려는 의도라는 해석도 나옵니다. 
  
 일각에서는 가자지구 전용 스테이블코인이 향후 독립국 건설을 목표로 하는 팔레스타인의 서안지구와 가자지구 경제를 영구적으로 분리하는 결과를 낳을 수 있다고 우려합니다.
 "
"""이란, 중국 초음속 대함미사일 구매 계약 전망""","

▲ 2015년 열병식 당시 공개된 중국 잉지 계열 미사일

 이란이 중국에서 초음속 대함 순항미사일을 구매하는 계약을 조만간 체결할 것으로 보인다고 로이터 통신이 현지시간 24일 보도했습다. 
  
 미사일 거래 협상에 정통한 복수의 소식통에 따르면 이란은 2년 전부터 중국산 CM-302 미사일 구매를 추진해 마무리 단계에 이른 것으로 알려졌습니다. 
  
 CM-302는 중국에서 생산되는 초음속 대함 순항미사일 잉지(鷹擊·YJ)-12의 수출용 모델명입니다. 
  
 CM-302는 사거리가 약 290㎞에 달하며, 저고도에서 고속으로 비행해 군함의 방어망을 회피할 수 있도록 설계됐다고 로이터는 설명했습니다. 
  
 양국의 미사일 거래 협상은 지난해 6월 이스라엘과 미국이 잇따라 이란 핵시설 등을 폭격하면서 발발한 '12일 전쟁'을 계기로 탄력을 받았다고 합니다. 
  
 이와 관련해 마수드 오라이 국방차관을 비롯한 이란의 고위급 정부·군 관계자들이 지난해 여름 중국을 방문하기도 했다고 소식통은 전했습니다. 
  
 미사일 인도 시기, 수량, 거래 금액 등 구체적인 내용은 확인되지 않았다고 로이터는 부연했습니다. 
  
 이같은 움직임은 최근 미국이 이란에 핵협상 타결을 종용하고자 중동에 2개 항공모함 전단 등 주요 전략자산을 전개하며 군사적 긴장이 고조된 가운데 알려진 것이어서 주목됩니다. 
  
 이란 외무부의 한 관계자는 ""이란이 동맹들과 맺은 군사·안보 협정을 활용하기에 지금이 적기""라고 말했습니다. 
  
 이스라엘 싱크탱크 국가안보연구소(INSS)의 이란 담당 대니 시트리노비츠는 ""이란이 초음속미사일로 인근 해역의 군함을 공격할 수 있게 된다면 판도가 완전히 바뀔 수 있다""며 ""이런 미사일은 요격이 매우 힘들다""고 언급했습니다. 
  
 (사진=AP, 연합뉴스)
 "
"이란 혁명수비대, 미국 군사 압박에 해안 훈련으로 '맞불'","

▲ 이란 혁명수비대

 도널드 트럼프 미국 대통령이 핵 협상 미타결 시 이란을 공격할 수 있다고 공개적으로 압박하는 가운데 이란 혁명수비대 지상군이 현지시간 24일, 남부 해안서 훈련했다고 로이터통신이 이란 현지 매체를 인용해 전했습니다. 
  
 이란 국영 TV는 미국이 이란 공습 여부를 검토하는 가운데 이날 진행된 혁명수비대의 훈련 소식을 보도했습니다. 
  
 이란 혁명수비대는 정규군과 별도로 육·해·공군 조직을 보유하고 있으며 이란군 전력의 대부분을 담당한다는 평가를 받습니다. 
  
 이란 혁명수비대는 지난주에도 미군이 이란 인근 해역에 항공모함을 배치하자 원유 수송 핵심 통로인 호르무즈 해협에서 군사 훈련을 벌인 바 있습니다. 
  
 지난 16일에는 훈련을 이유로 호르무즈 해협을 수 시간 동안 폐쇄했으며 그다음 날에는 같은 지역에서 미사일을 발사하는 실사격 훈련을 했습니다. 
  
 이란 반관영 타스님 통신은 당시 훈련 소식을 전하며 이란 국내와 해안, 섬 등에서 미사일 수발이 발사돼 호르무즈 해협의 목표물을 타격했다고 말했습니다. 
  
 (사진=AP, 연합뉴스)
 "
