title,author,publisher,publish_date,price
나의 완벽한 장례식,조현선,북로망스,2026년 01월,"17,100원"
진보를 위한 주식투자,이광수,21세기북스,2025년 12월,"19,800원"
박곰희 연금 부자 수업,박곰희,인플루엔셜,2025년 06월,"18,900원"
괴테는 모든 것을 말했다,스즈키 유이,리프,2025년 11월,"15,300원"
ETS 토익 정기시험 기출문제집 1000 Vol. 5 RC,ETS,YBM(와이비엠),2025년 12월,"19,800원"
ETS 토익 정기시험 기출문제집 1000 Vol. 5 LC,ETS,YBM(와이비엠),2025년 12월,"19,800원"
죽은 왕녀를 위한 파반느 (양장 특별판),박민규,위즈덤하우스,2025년 11월,"18,000원"
자몽살구클럽,한로로,어센틱,2025년 07월,"10,800원"
"2026 큰별쌤 최태성의 별별한국사 한국사능력검정시험 심화(1,2,3급) 상",최태성,이투스북,2025년 12월,"17,100원"
너를 아끼며 살아라,나태주,더블북,2025년 06월,"16,650원"
모순,양귀자,쓰다,2013년 04월,"11,700원"
돈의 방정식,모건 하우절,서삼독,2026년 01월,"25,200원"
자본주의 시대에서 살아남기 위한 최소한의 경제 공부,백억남(김욱현),하이스트,2025년 12월,"25,200원"
"1,000만 원으로 3년 안에 300만 원 월배당 만들기",인생업(임승현),경이로움,2026년 02월,"20,700원"
위버멘쉬,프리드리히 니체,떠오름,2025년 03월,"16,020원"
엄마가 유령이 되었어!,노부미,길벗어린이,2016년 05월,"10,800원"
안녕이라 그랬어,김애란,문학동네,2025년 06월,"15,120원"
"2026 큰별쌤 최태성의 별별한국사 한국사능력검정시험 심화(1,2,3급) 하",최태성,이투스북,2025년 12월,"16,650원"
최소한의 삼국지,최태성,프런트페이지,2025년 11월,"17,550원"
싯다르타,헤르만 헤세,민음사,2002년 01월,"7,200원"
2026 심우철 실전 동형 모의고사 Season 2,심우철,에스티유니타스,2026년 02월,"13,500원"
사이토 히토리의 어떻게 살 것인가,사이토 히토리,현대지성,2026년 01월,"11,700원"
돈의 심리학 (50만 부 기념 뉴 에디션),모건 하우절,인플루엔셜,2026년 01월,"22,320원"
더블 클릭,알간지,생각정원,2026년 01월,"17,100원"
사카모토 데이즈 25 더블특전판,스즈키 유우토,대원,2026년 02월,"5,850원"
부처님 말씀대로 살아보니,토니 페르난도,윌마,2026년 02월,"17,010원"
캔들차트 하나로 끝내는 추세추종 투자,성승현,포르체,2026년 01월,"22,500원"
코스피 1만 넥스트 레벨,박시동,지와인,2026년 03월,"19,800원"
혼모노,성해나,창비,2025년 03월,"16,200원"
해커스 토익 기출 VOCA (보카),David Cho,해커스어학연구소,2024년 08월,"11,610원"
나의 첫 월배당 ETF,김정란,토네이도,2026년 02월,"19,800원"
이해찬 회고록,이해찬,돌베개,2022년 09월,"20,700원"
설민석의 한국사 대모험 36,설민석,단꿈아이,2026년 02월,"14,400원"
코스모스,칼 에드워드 세이건,사이언스북스,2006년 12월,"19,800원"
향기로운 꽃은 늠름하게 핀다 18 더블특전판,미카미 사카,대원,2026년 02월,"5,400원"
운명을 보는 기술,박성준,페이지2북스,2025년 10월,"16,920원"
교사를 지키는 단단한 학급경영,이종혁,테크빌교육,2025년 04월,"16,200원"
어른의 행복은 조용하다,태수,페이지2북스,2024년 11월,"16,020원"
2026 써니 행정법총론 실전동형 모의고사,박준철,에스티유니타스,2026년 02월,"14,400원"
"2026 큰별쌤 최태성의 별별한국사 기출 500제 한국사능력검정시험 심화(1,2,3급)",최태성,이투스북,2025년 12월,"19,800원"
주식투자 무작정 따라하기,윤재수,길벗,2026년 01월,"22,500원"
절창 切創,구병모,문학동네,2025년 09월,"16,200원"
아주 작은 습관의 힘 (50만 부 기념 스페셜 에디션),제임스 클리어,비즈니스북스,2019년 02월,"16,200원"
2026 문동균 한국사 국가직 대비 실전 봉투 모의고사,문동균,에스티유니타스,2026년 02월,"11,700원"
2026 심우철 실전 동형 모의고사 Season 1,심우철,에스티유니타스,2025년 12월,"13,500원"
내가 돈을 벌고 있다는 착각,commonD,스틸당(STEALDANG),2026년 02월,"17,820원"
최소한의 한국사,최태성,프런트페이지,2023년 06월,"16,200원"
내 심장을 쏴라,정유정,은행나무,2026년 02월,"16,200원"
2026 선재국어 결승선 봉투 모의고사,이선재,수비니겨,2026년 01월,"25,200원"
2026 문동균 한국사 문단속 적중 최종병기 FINAL 모의고사,문동균,에스티유니타스,2026년 01월,"14,400원"
내 친구는 왜 그럴까?,최현주,퍼텐셜하우스,2025년 12월,"15,120원"
급류,정대건,민음사,2022년 12월,"12,600원"
김재우의 기본 동사 100,김재우,상상스퀘어,2025년 12월,"19,800원"
다크 심리학,다크 사이드 프로젝트,어센딩,2025년 07월,"19,710원"
해커스 일본어 첫걸음 : 일본어 기초 20일 독학 완성!,해커스 일본어연구소,해커스어학연구소,2024년 05월,"12,510원"
SQL 자격검정 실전문제,한국데이터진흥원,한국데이터산업진흥원,2023년 12월,"17,460원"
렛뎀 이론,멜 로빈스,비즈니스북스,2025년 08월,"18,000원"
니체의 초월자,프리드리히 니체,히읏,2025년 10월,"15,210원"
ETS 토익 단기공략 750+ (LC+RC),ETS,YBM(와이비엠),2025년 07월,"17,550원"
프로젝트 헤일메리 (영화 특별판),앤디 위어,알에이치코리아(RHK),2026년 02월,"19,800원"
여덟 단어,박웅현,인티앤,2023년 06월,"15,300원"
데일 카네기 인간관계론 (50만부 돌파 초판 무삭제 완역본),데일 카네기,현대지성,2019년 10월,"10,350원"
브람스를 좋아하세요...,프랑수아즈 사강,민음사,2008년 05월,"9,000원"
긴긴밤,루리,문학동네,2021년 02월,"11,250원"
블루 아카이브 공식 4컷 청춘? 일상! 블루 아카이브 특별판,돈미니,디앤씨미디어(D&C미디어),2026년 02월,"47,700원"
2026 문동균 한국사 D-30 문단속 모의고사,문동균,에스티유니타스,2026년 02월,"14,400원"
인생을 위한 최소한의 생각,신영준,상상스퀘어,2026년 02월,"17,820원"
"오늘 밤, 세계에서 이 사랑이 사라진다 해도",이치조 미사키,모모,2021년 06월,"12,600원"
이게 되네? 제미나이 완전 미친 활용법 81제,오힘찬,골든래빗,2026년 02월,"21,600원"
세이노의 가르침,세이노(SayNo),데이원,2023년 03월,"6,480원"
단다단 19,타츠 유키노부,대원,2026년 02월,"5,400원"
우리는 언제나 다시 만나,윤여림,위즈덤하우스,2017년 07월,"10,800원"
